<xml xmlns="http://www.w3.org/1999/xhtml">
  <variables>
    <variable type="" id="nNY7J^D/i]!uyZ.Im+eg">Temperatur</variable>
    <variable type="" id="WifB7N-z0U{$bJhWA2Eh">i</variable>
    <variable type="" id="fXy[Ue9DelI;]V2@M1~%">Wetter</variable>
    <variable type="" id="bQ[GlZ%Qz!(:oW.Q4H%.">j</variable>
    <variable type="" id="xl7p9Q^tgGyrs]vXV!G5">k</variable>
    <variable type="" id=".X2vIouctc(./:/j/wkS">m</variable>
    <variable type="" id="I_CEzBZx3Y1HJy6wugSO">n</variable>
    <variable type="" id="3~uu,T{yqD]bnID2V]2r">o</variable>
    <variable type="" id="B]/%-=H98NnPS#mwkdLp">p</variable>
    <variable type="" id="sM|Ufib-V}#B5]p/,*=n">q</variable>
    <variable type="" id="z2aS,4a]SjX?a8#y?S)[">r</variable>
    <variable type="" id="I{Dwu2!W#jnDEJ?7j+6q">s</variable>
    <variable type="" id="VdZ=#t!aEND-Hbnpr,*9">t</variable>
    <variable type="" id="d@QRgR]rNW7cSnbAFiI~">u</variable>
    <variable type="" id="bpv-FBS27gh3$VKYno*j">v</variable>
    <variable type="" id="`Fy8HPt5T.;j-o2xXO%f">w</variable>
    <variable type="" id="|,gTp{|.^SI+yYT78YZP">m2</variable>
    <variable type="" id="VP73x#TGa!yxVUGXmB_G">x</variable>
    <variable type="" id="IAmQW;343}Tl?Zo2NJ!g">y</variable>
    <variable type="" id="L)CLnh[s(iTtw4N!TcaE">z</variable>
    <variable type="" id="%!93]O6~}!.=8oBp_VFB">x2</variable>
  </variables>
  <block type="arduino_functions" id="r]($bxxk(*|3*l1koJi~" x="80" y="-229">
    <statement name="SETUP_FUNC">
      <block type="connect_wifi" id="(L{PZn^~]Yo,ulZf^xp~">
        <next>
          <block type="setup_neopixel_de" id="P#NCmVaZwO]C6=S)7eyh">
            <field name="PIN">D3</field>
            <field name="TYPE1">NEO_GRB</field>
            <field name="TYPE2">NEO_KHZ800</field>
            <value name="LEDNUM">
              <block type="math_number" id="N~@+ANG)wuV{lNJmZSJo">
                <field name="NUM">12</field>
              </block>
            </value>
            <next>
              <block type="set_neopixel_brightness_de" id="OB}7:a3IwSBWkF1copI0">
                <field name="PIN">D3</field>
                <value name="BRIGHTNESS">
                  <block type="math_number" id="Q?WWt*%d}%FaKEqo|iy-">
                    <field name="NUM">150</field>
                  </block>
                </value>
              </block>
            </next>
          </block>
        </next>
      </block>
    </statement>
    <statement name="LOOP_FUNC">
      <block type="variables_set" id="q.zkQZafZ`Ya.dE$imDe">
        <field name="VAR" id="fXy[Ue9DelI;]V2@M1~%" variabletype="">Wetter</field>
        <value name="VALUE">
          <block type="getcurrentWeathercondition" id="H5?,oz}kncczD5X]BIU{">
            <field name="WEATHER">Condition</field>
          </block>
        </value>
        <next>
          <block type="serial_print_de" id="UK[m~EJ.STS1CQ%tcJjT">
            <value name="CONTENT">
              <block type="variables_get" id="I^TN^;SAt.4fd{wmK{if">
                <field name="VAR" id="fXy[Ue9DelI;]V2@M1~%" variabletype="">Wetter</field>
              </block>
            </value>
            <next>
              <block type="controls_if" id="0@1YUK@#3CS%RNCbP+ea">
                <value name="IF0">
                  <block type="logic_operation" id="BP=DlcbolL+,L9(}}XNI">
                    <field name="OP">OR</field>
                    <value name="A">
                      <block type="logic_compare" id="6GaIe?tGZ)a$B+3D+{]]">
                        <field name="OP">EQ</field>
                        <value name="A">
                          <block type="variables_get" id=",)4ADvx6rEuC9czxj}4P">
                            <field name="VAR" id="fXy[Ue9DelI;]V2@M1~%" variabletype="">Wetter</field>
                          </block>
                        </value>
                        <value name="B">
                          <block type="math_number" id="`~8J^^0H3|D^C%[d^E/k">
                            <field name="NUM">5</field>
                          </block>
                        </value>
                      </block>
                    </value>
                    <value name="B">
                      <block type="logic_operation" id=".CaWj(jxl9;_#|R,cg)[">
                        <field name="OP">OR</field>
                        <value name="A">
                          <block type="logic_compare" id="uP7v:ll8_0d.^@t!db,d">
                            <field name="OP">EQ</field>
                            <value name="A">
                              <block type="variables_get" id="mvpdx3*.0LsqK/Psrec_">
                                <field name="VAR" id="fXy[Ue9DelI;]V2@M1~%" variabletype="">Wetter</field>
                              </block>
                            </value>
                            <value name="B">
                              <block type="math_number" id="{SoXta@qlTzf(LvR~2)J">
                                <field name="NUM">2</field>
                              </block>
                            </value>
                          </block>
                        </value>
                        <value name="B">
                          <block type="logic_compare" id="9G9F3*4@8nH8,^.6Hc`S">
                            <field name="OP">EQ</field>
                            <value name="A">
                              <block type="variables_get" id="k(({C:o.|dZXjjKBTXBQ">
                                <field name="VAR" id="fXy[Ue9DelI;]V2@M1~%" variabletype="">Wetter</field>
                              </block>
                            </value>
                            <value name="B">
                              <block type="math_number" id="3{`?tSssgA(8A8qm+r+a">
                                <field name="NUM">3</field>
                              </block>
                            </value>
                          </block>
                        </value>
                      </block>
                    </value>
                  </block>
                </value>
                <statement name="DO0">
                  <block type="controls_for" id="|]^$QScgWu%V$4cN_=G^">
                    <field name="VAR" id="d@QRgR]rNW7cSnbAFiI~" variabletype="">u</field>
                    <value name="FROM">
                      <block type="math_number" id="LWNbt1fWzY?EFr-?#QW(">
                        <field name="NUM">25</field>
                      </block>
                    </value>
                    <value name="TO">
                      <block type="math_number" id="g[TuJU6$TS}9WrWN|Ec5">
                        <field name="NUM">200</field>
                      </block>
                    </value>
                    <value name="BY">
                      <block type="math_number" id="7.Jja!)rJQ7?fMNtZ,bB">
                        <field name="NUM">2</field>
                      </block>
                    </value>
                    <statement name="DO">
                      <block type="controls_for" id="*Gzj|ASA@zltk_yK^Ze}">
                        <field name="VAR" id="WifB7N-z0U{$bJhWA2Eh" variabletype="">i</field>
                        <value name="FROM">
                          <block type="math_number" id="9XxtCa]4;j*iuG)d-jF+">
                            <field name="NUM">0</field>
                          </block>
                        </value>
                        <value name="TO">
                          <block type="math_number" id="?y42`EZ3^Evpuk~I9o#u">
                            <field name="NUM">23</field>
                          </block>
                        </value>
                        <value name="BY">
                          <block type="math_number" id="~mWUkRgmPy(q8*)NBY{G">
                            <field name="NUM">1</field>
                          </block>
                        </value>
                        <statement name="DO">
                          <block type="set_pixel_color_rgb_de" id="ZPJK|ec2Bt{?oGL~)~[w">
                            <field name="PIN">D3</field>
                            <value name="PXNUMBER">
                              <block type="variables_get" id=")M7O9iSd*^L_7l=*2H@1">
                                <field name="VAR" id="WifB7N-z0U{$bJhWA2Eh" variabletype="">i</field>
                              </block>
                            </value>
                            <value name="RED">
                              <block type="math_number" id="#eD.^l4[AkON%f6F^57^">
                                <field name="NUM">0</field>
                              </block>
                            </value>
                            <value name="GREEN">
                              <block type="math_number" id=":i1kw}N9yS#o6d[twj*,">
                                <field name="NUM">0</field>
                              </block>
                            </value>
                            <value name="BLUE">
                              <block type="variables_get" id="kNEDkwFbE?N.ZxZm$RV1">
                                <field name="VAR" id="d@QRgR]rNW7cSnbAFiI~" variabletype="">u</field>
                              </block>
                            </value>
                            <next>
                              <block type="neopixel_show_de" id="IugAQ,GUhd*k?c6+:hi!">
                                <field name="PIN">D3</field>
                              </block>
                            </next>
                          </block>
                        </statement>
                        <next>
                          <block type="base_delay_de" id=",K]}H:OY}6/]FwTd6`0#">
                            <value name="DELAY_TIME">
                              <block type="math_number" id="wyXmWgds]ZIQ0rN1^Pe-">
                                <field name="NUM">190</field>
                              </block>
                            </value>
                          </block>
                        </next>
                      </block>
                    </statement>
                    <next>
                      <block type="controls_for" id="JZWZ[6W)9,a^prm=nJ%X">
                        <field name="VAR" id="d@QRgR]rNW7cSnbAFiI~" variabletype="">u</field>
                        <value name="FROM">
                          <block type="math_number" id="yY6$|SE2VsuN=JOwr@99">
                            <field name="NUM">200</field>
                          </block>
                        </value>
                        <value name="TO">
                          <block type="math_number" id="//=r#!(C{:JGE+xjK1^h">
                            <field name="NUM">25</field>
                          </block>
                        </value>
                        <value name="BY">
                          <block type="math_number" id="])aDvGFTG~TN*cpuyK:a">
                            <field name="NUM">-2</field>
                          </block>
                        </value>
                        <statement name="DO">
                          <block type="controls_for" id="6iT@-mMcwInA8H6C+hEQ">
                            <field name="VAR" id="WifB7N-z0U{$bJhWA2Eh" variabletype="">i</field>
                            <value name="FROM">
                              <block type="math_number" id="tMrj9:-;5N3IXP/mz-q]">
                                <field name="NUM">0</field>
                              </block>
                            </value>
                            <value name="TO">
                              <block type="math_number" id="^Ey#G3rVcvco!^XVYW9*">
                                <field name="NUM">23</field>
                              </block>
                            </value>
                            <value name="BY">
                              <block type="math_number" id="CFsx(TQ8wx{Bg=?M[V^v">
                                <field name="NUM">1</field>
                              </block>
                            </value>
                            <statement name="DO">
                              <block type="set_pixel_color_rgb_de" id="MGzFWG3%Y{.^.tKGYvx,">
                                <field name="PIN">D3</field>
                                <value name="PXNUMBER">
                                  <block type="variables_get" id="6G]uuYVBH1ushy,opMZT">
                                    <field name="VAR" id="WifB7N-z0U{$bJhWA2Eh" variabletype="">i</field>
                                  </block>
                                </value>
                                <value name="RED">
                                  <block type="math_number" id="LU}?y2!lxYbTE4:~lTj~">
                                    <field name="NUM">0</field>
                                  </block>
                                </value>
                                <value name="GREEN">
                                  <block type="math_number" id="8q9F.2Z)BX/Jsb0XT=K0">
                                    <field name="NUM">0</field>
                                  </block>
                                </value>
                                <value name="BLUE">
                                  <block type="variables_get" id="[3wt]P%sn:nP_eCC+BzW">
                                    <field name="VAR" id="d@QRgR]rNW7cSnbAFiI~" variabletype="">u</field>
                                  </block>
                                </value>
                                <next>
                                  <block type="neopixel_show_de" id="B5$}^j)|8DBwe$LG_Hd2">
                                    <field name="PIN">D3</field>
                                  </block>
                                </next>
                              </block>
                            </statement>
                            <next>
                              <block type="base_delay_de" id=")*V%RFdEdvH)BXxm.IDW">
                                <value name="DELAY_TIME">
                                  <block type="math_number" id="TYK6-J[g3Xi%IH94e6l-">
                                    <field name="NUM">190</field>
                                  </block>
                                </value>
                              </block>
                            </next>
                          </block>
                        </statement>
                      </block>
                    </next>
                  </block>
                </statement>
                <next>
                  <block type="controls_if" id="#hHdP)oUuLhB]~C`n,dN">
                    <value name="IF0">
                      <block type="logic_compare" id="B%IvS5oF@RB4T~_,OT[U">
                        <field name="OP">EQ</field>
                        <value name="A">
                          <block type="variables_get" id=".;QtZh9Ke-|6@c}zi][M">
                            <field name="VAR" id="fXy[Ue9DelI;]V2@M1~%" variabletype="">Wetter</field>
                          </block>
                        </value>
                        <value name="B">
                          <block type="math_number" id="n1E.4?1tI~%nOgm9%%fB">
                            <field name="NUM">6</field>
                          </block>
                        </value>
                      </block>
                    </value>
                    <statement name="DO0">
                      <block type="controls_for" id="5!G^gHYbMx0FO0Xm0sEQ">
                        <field name="VAR" id="VP73x#TGa!yxVUGXmB_G" variabletype="">x</field>
                        <value name="FROM">
                          <block type="math_number" id="@zq{PM)D_|9MYEC{tA`b">
                            <field name="NUM">1</field>
                          </block>
                        </value>
                        <value name="TO">
                          <block type="math_number" id="}^^:,wxBUZs%28TQRSAG">
                            <field name="NUM">10</field>
                          </block>
                        </value>
                        <value name="BY">
                          <block type="math_number" id="+YFEKD~R2i0ovQ}M.`8R">
                            <field name="NUM">1</field>
                          </block>
                        </value>
                        <statement name="DO">
                          <block type="controls_for" id="Prumz^u;y@{h1EZAo/Jv">
                            <field name="VAR" id=".X2vIouctc(./:/j/wkS" variabletype="">m</field>
                            <value name="FROM">
                              <block type="math_number" id="+|L$A:1AHEti_=:`d|VN">
                                <field name="NUM">0</field>
                              </block>
                            </value>
                            <value name="TO">
                              <block type="math_number" id="=cuVuM8;+n:MK9jZ!aY%">
                                <field name="NUM">23</field>
                              </block>
                            </value>
                            <value name="BY">
                              <block type="math_number" id="*wfP.m(Q?b#L|{3xc3FD">
                                <field name="NUM">1</field>
                              </block>
                            </value>
                            <statement name="DO">
                              <block type="variables_set" id="xq9Ch?N=?46]OUUGwJ]G">
                                <field name="VAR" id="%!93]O6~}!.=8oBp_VFB" variabletype="">x2</field>
                                <value name="VALUE">
                                  <block type="math_arithmetic" id="dj09;GjW]BlJlso1H35|">
                                    <field name="OP">MULTIPLY</field>
                                    <value name="A">
                                      <block type="variables_get" id="[YWj-PHieoCZjzO`Z2LB">
                                        <field name="VAR" id="VP73x#TGa!yxVUGXmB_G" variabletype="">x</field>
                                      </block>
                                    </value>
                                    <value name="B">
                                      <block type="math_number" id="EO9weFpx@SXFw3_zX|UW">
                                        <field name="NUM">20</field>
                                      </block>
                                    </value>
                                  </block>
                                </value>
                                <next>
                                  <block type="set_pixel_color_rgb_de" id="h,zx*VZ=,eOJ=Y8u{8:_">
                                    <field name="PIN">D3</field>
                                    <value name="PXNUMBER">
                                      <block type="variables_get" id="vSV659dp!YHcRJ}]gcAJ">
                                        <field name="VAR" id=".X2vIouctc(./:/j/wkS" variabletype="">m</field>
                                      </block>
                                    </value>
                                    <value name="RED">
                                      <block type="variables_get" id="4rB4ie~/R:ZiKabECfo7">
                                        <field name="VAR" id="%!93]O6~}!.=8oBp_VFB" variabletype="">x2</field>
                                      </block>
                                    </value>
                                    <value name="GREEN">
                                      <block type="variables_get" id="!]|Z*qF)r^mRYr?sFfLg">
                                        <field name="VAR" id="VP73x#TGa!yxVUGXmB_G" variabletype="">x</field>
                                      </block>
                                    </value>
                                    <value name="BLUE">
                                      <block type="variables_get" id="+gN?-,#v%(Q!,N?{#ej^">
                                        <field name="VAR" id="VP73x#TGa!yxVUGXmB_G" variabletype="">x</field>
                                      </block>
                                    </value>
                                    <next>
                                      <block type="neopixel_show_de" id=";#9oUfErm(?^Po./YYIF">
                                        <field name="PIN">D3</field>
                                        <next>
                                          <block type="base_delay_de" id=")6,z7]GH5)h8?HEN~./g">
                                            <value name="DELAY_TIME">
                                              <block type="math_number" id="a;[q}}MH:9Q(Rcw*]A7e">
                                                <field name="NUM">190</field>
                                              </block>
                                            </value>
                                          </block>
                                        </next>
                                      </block>
                                    </next>
                                  </block>
                                </next>
                              </block>
                            </statement>
                          </block>
                        </statement>
                        <next>
                          <block type="controls_for" id="Y:$)onqTn{o4rXY/]z?e">
                            <field name="VAR" id="VP73x#TGa!yxVUGXmB_G" variabletype="">x</field>
                            <value name="FROM">
                              <block type="math_number" id="j@gOYEYLp?-xQ^4gFU/y">
                                <field name="NUM">1</field>
                              </block>
                            </value>
                            <value name="TO">
                              <block type="math_number" id="ZvIt@sQh--AK`vbx2sUw">
                                <field name="NUM">10</field>
                              </block>
                            </value>
                            <value name="BY">
                              <block type="math_number" id="#-,j{QOjjrLNkB0KGV6k">
                                <field name="NUM">1</field>
                              </block>
                            </value>
                            <statement name="DO">
                              <block type="controls_for" id="!kxgx+WZdSQ*qJv/(sdN">
                                <field name="VAR" id=".X2vIouctc(./:/j/wkS" variabletype="">m</field>
                                <value name="FROM">
                                  <block type="math_number" id="tN2l^=Yri$?+sD{]MNXS">
                                    <field name="NUM">0</field>
                                  </block>
                                </value>
                                <value name="TO">
                                  <block type="math_number" id="C-g0wy!a^AxtB4i2*,9}">
                                    <field name="NUM">23</field>
                                  </block>
                                </value>
                                <value name="BY">
                                  <block type="math_number" id="|fvWU${brnRqRh:XBmaQ">
                                    <field name="NUM">1</field>
                                  </block>
                                </value>
                                <statement name="DO">
                                  <block type="variables_set" id="Y190#IYr*F-c)J2MvvhT">
                                    <field name="VAR" id="|,gTp{|.^SI+yYT78YZP" variabletype="">m2</field>
                                    <value name="VALUE">
                                      <block type="math_arithmetic" id="aR[:Di,*t(|qd9!!jfnq">
                                        <field name="OP">MULTIPLY</field>
                                        <value name="A">
                                          <block type="variables_get" id="`~`yKL?gs`DpT^6*pVRs">
                                            <field name="VAR" id=".X2vIouctc(./:/j/wkS" variabletype="">m</field>
                                          </block>
                                        </value>
                                        <value name="B">
                                          <block type="math_number" id="F-g-T3::08xz#2tE[)k}">
                                            <field name="NUM">20</field>
                                          </block>
                                        </value>
                                      </block>
                                    </value>
                                    <next>
                                      <block type="set_pixel_color_rgb_de" id="f~-9IL`rL%PE:=-O+CR[">
                                        <field name="PIN">D3</field>
                                        <value name="PXNUMBER">
                                          <block type="variables_get" id="R96^N#R-[j8Y}E+Z@8%U">
                                            <field name="VAR" id=".X2vIouctc(./:/j/wkS" variabletype="">m</field>
                                          </block>
                                        </value>
                                        <value name="RED">
                                          <block type="variables_get" id="-ZuMq=MP/ig$=Zyr-/5D">
                                            <field name="VAR" id="|,gTp{|.^SI+yYT78YZP" variabletype="">m2</field>
                                          </block>
                                        </value>
                                        <value name="GREEN">
                                          <block type="math_number" id="8+3TM9K}OkHMR*Jqu6vl">
                                            <field name="NUM">50</field>
                                          </block>
                                        </value>
                                        <value name="BLUE">
                                          <block type="math_number" id="fp-q._z*sA9Xz7yB5riF">
                                            <field name="NUM">50</field>
                                          </block>
                                        </value>
                                        <next>
                                          <block type="neopixel_show_de" id="sm1RD-N5nO9Y#az9n$4L">
                                            <field name="PIN">D3</field>
                                            <next>
                                              <block type="base_delay_de" id="84R0g`JzcD/v8p)8=T~0">
                                                <value name="DELAY_TIME">
                                                  <block type="math_number" id=",7?nn;}GS[clwO}!;bv8">
                                                    <field name="NUM">190</field>
                                                  </block>
                                                </value>
                                              </block>
                                            </next>
                                          </block>
                                        </next>
                                      </block>
                                    </next>
                                  </block>
                                </statement>
                              </block>
                            </statement>
                          </block>
                        </next>
                      </block>
                    </statement>
                    <next>
                      <block type="controls_if" id=".$?r}N!d@94~A}~Zz]3q">
                        <value name="IF0">
                          <block type="logic_operation" id="2~@!P*=$86r#_,IE59[P">
                            <field name="OP">OR</field>
                            <value name="A">
                              <block type="logic_compare" id="yp4gyVYWtwyvzFFf5f!/">
                                <field name="OP">EQ</field>
                                <value name="A">
                                  <block type="variables_get" id="G@320+$f6j*.H#Mfs6~~">
                                    <field name="VAR" id="fXy[Ue9DelI;]V2@M1~%" variabletype="">Wetter</field>
                                  </block>
                                </value>
                                <value name="B">
                                  <block type="math_number" id="9@;T0%RVD(?;Q/Kl!Q{G">
                                    <field name="NUM">8</field>
                                  </block>
                                </value>
                              </block>
                            </value>
                            <value name="B">
                              <block type="logic_compare" id="WyClD|/2K;Rjcvd7rn1;">
                                <field name="OP">EQ</field>
                                <value name="A">
                                  <block type="variables_get" id=":LX./dOl~^ySOaRa=;sG">
                                    <field name="VAR" id="fXy[Ue9DelI;]V2@M1~%" variabletype="">Wetter</field>
                                  </block>
                                </value>
                                <value name="B">
                                  <block type="math_number" id="+COT:@6=KT$1h^hw!p2g">
                                    <field name="NUM">7</field>
                                  </block>
                                </value>
                              </block>
                            </value>
                          </block>
                        </value>
                        <statement name="DO0">
                          <block type="controls_for" id="XCS4BBHb)+,dEdF6b{D2">
                            <field name="VAR" id="sM|Ufib-V}#B5]p/,*=n" variabletype="">q</field>
                            <value name="FROM">
                              <block type="math_number" id="[Q5CUQBs`fowq=#;%=hD">
                                <field name="NUM">25</field>
                              </block>
                            </value>
                            <value name="TO">
                              <block type="math_number" id="*{EObrM$NI0yuwrIYB|I">
                                <field name="NUM">200</field>
                              </block>
                            </value>
                            <value name="BY">
                              <block type="math_number" id="Qujs%8vLA799z(+j0}!?">
                                <field name="NUM">2</field>
                              </block>
                            </value>
                            <statement name="DO">
                              <block type="controls_for" id="B{uR%)/YO;ol/*UdBm-9">
                                <field name="VAR" id="I_CEzBZx3Y1HJy6wugSO" variabletype="">n</field>
                                <value name="FROM">
                                  <block type="math_number" id="xV^bg~pMfI?h,|K(FgPO">
                                    <field name="NUM">0</field>
                                  </block>
                                </value>
                                <value name="TO">
                                  <block type="math_number" id="2(]+LM[2~Mph2bg?Bd4~">
                                    <field name="NUM">23</field>
                                  </block>
                                </value>
                                <value name="BY">
                                  <block type="math_number" id="${oL%`h11SE=i^y)Y{Hx">
                                    <field name="NUM">1</field>
                                  </block>
                                </value>
                                <statement name="DO">
                                  <block type="set_pixel_color_rgb_de" id="%5Kki0N{;x}3~(J?$ZgO">
                                    <field name="PIN">D3</field>
                                    <value name="PXNUMBER">
                                      <block type="variables_get" id="VTNrN$9-!qIZT^}tR)B@">
                                        <field name="VAR" id="I_CEzBZx3Y1HJy6wugSO" variabletype="">n</field>
                                      </block>
                                    </value>
                                    <value name="RED">
                                      <block type="variables_get" id="a5HL;bPjjIAAr.NySCZu">
                                        <field name="VAR" id="sM|Ufib-V}#B5]p/,*=n" variabletype="">q</field>
                                      </block>
                                    </value>
                                    <value name="GREEN">
                                      <block type="variables_get" id=".Dz:qDescmZykQXOJL6g">
                                        <field name="VAR" id="sM|Ufib-V}#B5]p/,*=n" variabletype="">q</field>
                                      </block>
                                    </value>
                                    <value name="BLUE">
                                      <block type="variables_get" id="cS[YbIF(ksBoz5b{h0/N">
                                        <field name="VAR" id="sM|Ufib-V}#B5]p/,*=n" variabletype="">q</field>
                                      </block>
                                    </value>
                                    <next>
                                      <block type="neopixel_show_de" id="6pS61[)}}R_q(%[f6)f=">
                                        <field name="PIN">D3</field>
                                      </block>
                                    </next>
                                  </block>
                                </statement>
                                <next>
                                  <block type="base_delay_de" id="8cY_R$1|Zfpd6ZfCT63H">
                                    <value name="DELAY_TIME">
                                      <block type="math_number" id=",$aPjlCOT4ibxv+tJUK!">
                                        <field name="NUM">190</field>
                                      </block>
                                    </value>
                                  </block>
                                </next>
                              </block>
                            </statement>
                            <next>
                              <block type="controls_for" id="2Dro48VdF)(vh_or*B:;">
                                <field name="VAR" id="sM|Ufib-V}#B5]p/,*=n" variabletype="">q</field>
                                <value name="FROM">
                                  <block type="math_number" id="!?+V2(exGGnM?fdk,n{@">
                                    <field name="NUM">200</field>
                                  </block>
                                </value>
                                <value name="TO">
                                  <block type="math_number" id="0Fx{RXPvJn1_qgw/uEh]">
                                    <field name="NUM">25</field>
                                  </block>
                                </value>
                                <value name="BY">
                                  <block type="math_number" id="-((c8YP+_|cBH{}6IKH1">
                                    <field name="NUM">-2</field>
                                  </block>
                                </value>
                                <statement name="DO">
                                  <block type="controls_for" id="1j8H+iRCXO@PM,TDeobV">
                                    <field name="VAR" id="I_CEzBZx3Y1HJy6wugSO" variabletype="">n</field>
                                    <value name="FROM">
                                      <block type="math_number" id=";l[-ty0:yL2K0?)uTrWU">
                                        <field name="NUM">0</field>
                                      </block>
                                    </value>
                                    <value name="TO">
                                      <block type="math_number" id="IDO/ENuD6/s2PkoxB/sm">
                                        <field name="NUM">23</field>
                                      </block>
                                    </value>
                                    <value name="BY">
                                      <block type="math_number" id="Z#k#MZ:W?]@lMLEujS)@">
                                        <field name="NUM">1</field>
                                      </block>
                                    </value>
                                    <statement name="DO">
                                      <block type="set_pixel_color_rgb_de" id="W;6PS[KK7iNG?IZhZYhm">
                                        <field name="PIN">D3</field>
                                        <value name="PXNUMBER">
                                          <block type="variables_get" id="WnZXjUkgTRr,gcXNc7b8">
                                            <field name="VAR" id="I_CEzBZx3Y1HJy6wugSO" variabletype="">n</field>
                                          </block>
                                        </value>
                                        <value name="RED">
                                          <block type="variables_get" id="S)yUlaW9+$ZWfmQfc:%~">
                                            <field name="VAR" id="sM|Ufib-V}#B5]p/,*=n" variabletype="">q</field>
                                          </block>
                                        </value>
                                        <value name="GREEN">
                                          <block type="variables_get" id="ru-T9cWAzYNu@`}V#%-S">
                                            <field name="VAR" id="sM|Ufib-V}#B5]p/,*=n" variabletype="">q</field>
                                          </block>
                                        </value>
                                        <value name="BLUE">
                                          <block type="variables_get" id="Q#8g0S=((z7Z|8r.,2-t">
                                            <field name="VAR" id="sM|Ufib-V}#B5]p/,*=n" variabletype="">q</field>
                                          </block>
                                        </value>
                                        <next>
                                          <block type="neopixel_show_de" id="[AN9kv[;-UeoARMTjM?]">
                                            <field name="PIN">D3</field>
                                          </block>
                                        </next>
                                      </block>
                                    </statement>
                                    <next>
                                      <block type="base_delay_de" id="J$#pD6oI*2H!IE.5[DQ0">
                                        <value name="DELAY_TIME">
                                          <block type="math_number" id="-a@Gnvqy(ak3J6p?Td(:">
                                            <field name="NUM">190</field>
                                          </block>
                                        </value>
                                      </block>
                                    </next>
                                  </block>
                                </statement>
                              </block>
                            </next>
                          </block>
                        </statement>
                        <next>
                          <block type="controls_if" id="Z29(a9SSDXc%o;c{Qsgi">
                            <value name="IF0">
                              <block type="logic_compare" id="v(1@if}*jf`TX]MVb:J4">
                                <field name="OP">EQ</field>
                                <value name="A">
                                  <block type="variables_get" id="5^$q|5b74V,z8xqi1/_v">
                                    <field name="VAR" id="fXy[Ue9DelI;]V2@M1~%" variabletype="">Wetter</field>
                                  </block>
                                </value>
                                <value name="B">
                                  <block type="math_number" id="*V^tos0S{%nE-AU.3]}V">
                                    <field name="NUM">9</field>
                                  </block>
                                </value>
                              </block>
                            </value>
                            <statement name="DO0">
                              <block type="controls_for" id="8-s-hGn{L2T+D*S9b!eu">
                                <field name="VAR" id="I{Dwu2!W#jnDEJ?7j+6q" variabletype="">s</field>
                                <value name="FROM">
                                  <block type="math_number" id="s}+.@A_Tht(~@0[lOTNk">
                                    <field name="NUM">25</field>
                                  </block>
                                </value>
                                <value name="TO">
                                  <block type="math_number" id="Dqi9`nAJwDEd1RE}-CbM">
                                    <field name="NUM">200</field>
                                  </block>
                                </value>
                                <value name="BY">
                                  <block type="math_number" id="A95kkpDhpUD}o}=k?qV{">
                                    <field name="NUM">2</field>
                                  </block>
                                </value>
                                <statement name="DO">
                                  <block type="controls_for" id="mvw5d~dq%6zR3HF6aONa">
                                    <field name="VAR" id="3~uu,T{yqD]bnID2V]2r" variabletype="">o</field>
                                    <value name="FROM">
                                      <block type="math_number" id="F|v9|;8[QUwSbSk6(7xw">
                                        <field name="NUM">0</field>
                                      </block>
                                    </value>
                                    <value name="TO">
                                      <block type="math_number" id="c*ABRW?wQc$:6*vH{/-f">
                                        <field name="NUM">23</field>
                                      </block>
                                    </value>
                                    <value name="BY">
                                      <block type="math_number" id="J=bi|fC[n6+V_m.UndFm">
                                        <field name="NUM">1</field>
                                      </block>
                                    </value>
                                    <statement name="DO">
                                      <block type="set_pixel_color_rgb_de" id="fNOcA/mAGH`f;yg_;;Rx">
                                        <field name="PIN">D3</field>
                                        <value name="PXNUMBER">
                                          <block type="variables_get" id="+_S%:TQ+{l`r$-WfiT~u">
                                            <field name="VAR" id="3~uu,T{yqD]bnID2V]2r" variabletype="">o</field>
                                          </block>
                                        </value>
                                        <value name="RED">
                                          <block type="math_number" id="9=iHE=ToNeK44EcrMvbh">
                                            <field name="NUM">0</field>
                                          </block>
                                        </value>
                                        <value name="GREEN">
                                          <block type="variables_get" id="~ab=G[Uu(5.DmVyEms+z">
                                            <field name="VAR" id="I{Dwu2!W#jnDEJ?7j+6q" variabletype="">s</field>
                                          </block>
                                        </value>
                                        <value name="BLUE">
                                          <block type="variables_get" id="M6vi8D3NH+^*P;.XR[Mz">
                                            <field name="VAR" id="I{Dwu2!W#jnDEJ?7j+6q" variabletype="">s</field>
                                          </block>
                                        </value>
                                        <next>
                                          <block type="neopixel_show_de" id="p2=aXz`svt_{#@M8WV*k">
                                            <field name="PIN">D3</field>
                                            <next>
                                              <block type="base_delay_de" id="[{,)Sc(tZ|it#[ES}H-K">
                                                <value name="DELAY_TIME">
                                                  <block type="math_number" id="/K.|(]eO3Y=)y7[9gB.w">
                                                    <field name="NUM">190</field>
                                                  </block>
                                                </value>
                                              </block>
                                            </next>
                                          </block>
                                        </next>
                                      </block>
                                    </statement>
                                  </block>
                                </statement>
                                <next>
                                  <block type="controls_for" id="5Wp1Q_rPh7GRU={uB2_$">
                                    <field name="VAR" id="I{Dwu2!W#jnDEJ?7j+6q" variabletype="">s</field>
                                    <value name="FROM">
                                      <block type="math_number" id="g{kx6qRaf$ioHV2@(4Yt">
                                        <field name="NUM">200</field>
                                      </block>
                                    </value>
                                    <value name="TO">
                                      <block type="math_number" id="(:^wWWxUNvzj9qU+-c]i">
                                        <field name="NUM">25</field>
                                      </block>
                                    </value>
                                    <value name="BY">
                                      <block type="math_number" id="xP]b_Gn[8vak`_=m-|+Q">
                                        <field name="NUM">-2</field>
                                      </block>
                                    </value>
                                    <statement name="DO">
                                      <block type="controls_for" id="IgJAbT3,R6EBz$pSB)w}">
                                        <field name="VAR" id="3~uu,T{yqD]bnID2V]2r" variabletype="">o</field>
                                        <value name="FROM">
                                          <block type="math_number" id="C/00c0Z^ZDd`H;i5~;Q!">
                                            <field name="NUM">0</field>
                                          </block>
                                        </value>
                                        <value name="TO">
                                          <block type="math_number" id="*ahkO4k{~#uViE4g_bFh">
                                            <field name="NUM">23</field>
                                          </block>
                                        </value>
                                        <value name="BY">
                                          <block type="math_number" id="609b!n+.-Y/:?11jE_We">
                                            <field name="NUM">1</field>
                                          </block>
                                        </value>
                                        <statement name="DO">
                                          <block type="set_pixel_color_rgb_de" id="{-0}kG8c4a%MFM{?iZg~">
                                            <field name="PIN">D3</field>
                                            <value name="PXNUMBER">
                                              <block type="variables_get" id="W??yT5u9jOG{+x_!cwZe">
                                                <field name="VAR" id="3~uu,T{yqD]bnID2V]2r" variabletype="">o</field>
                                              </block>
                                            </value>
                                            <value name="RED">
                                              <block type="math_number" id="2tW9C1/onY$d8[=^P^!)">
                                                <field name="NUM">0</field>
                                              </block>
                                            </value>
                                            <value name="GREEN">
                                              <block type="variables_get" id="J5y:u{C]e4r}F6.pHL*,">
                                                <field name="VAR" id="I{Dwu2!W#jnDEJ?7j+6q" variabletype="">s</field>
                                              </block>
                                            </value>
                                            <value name="BLUE">
                                              <block type="variables_get" id="Dsr/yt}M*c}+`3qs5ZCJ">
                                                <field name="VAR" id="I{Dwu2!W#jnDEJ?7j+6q" variabletype="">s</field>
                                              </block>
                                            </value>
                                            <next>
                                              <block type="neopixel_show_de" id="dF*OrqHH#P1[N1]9Xg4C">
                                                <field name="PIN">D3</field>
                                                <next>
                                                  <block type="base_delay_de" id="MX=;dcKQ@dVE?=71]CkL">
                                                    <value name="DELAY_TIME">
                                                      <block type="math_number" id="|1{ay5$yro6o[QwOo.n`">
                                                        <field name="NUM">190</field>
                                                      </block>
                                                    </value>
                                                  </block>
                                                </next>
                                              </block>
                                            </next>
                                          </block>
                                        </statement>
                                      </block>
                                    </statement>
                                  </block>
                                </next>
                              </block>
                            </statement>
                            <next>
                              <block type="base_delay_de" id="#lY(^t/yVp30ew)*o}I~">
                                <value name="DELAY_TIME">
                                  <block type="math_number" id="[n(jpiYm9TLE3;s0k{4-">
                                    <field name="NUM">5000</field>
                                  </block>
                                </value>
                              </block>
                            </next>
                          </block>
                        </next>
                      </block>
                    </next>
                  </block>
                </next>
              </block>
            </next>
          </block>
        </next>
      </block>
    </statement>
  </block>
</xml>