<xml xmlns="http://www.w3.org/1999/xhtml">
  <variables>
    <variable type="" id="I$i/KG8W+qDAfWUO$*L?">temperatur</variable>
  </variables>
  <block type="arduino_functions" id="{rF3dg8*z1OeeC4xa)P!" x="-301" y="-365">
    <statement name="SETUP_FUNC">
      <block type="connect_baall_de" id="Y`bilHWT`L~tF;u%s!i3">
        <next>
          <block type="setup_neopixel_de" id="O@u2T+y1n;==+`G~4s$k">
            <field name="PIN">D3</field>
            <field name="TYPE1">NEO_GRB</field>
            <field name="TYPE2">NEO_KHZ800</field>
            <value name="LEDNUM">
              <block type="math_number" id="y1FF9uj^_lSHmj2r;Qou">
                <field name="NUM">1</field>
              </block>
            </value>
          </block>
        </next>
      </block>
    </statement>
    <statement name="LOOP_FUNC">
      <block type="variables_set" id="TT+(kS/cXWF|~QnS;k4+">
        <field name="VAR" id="I$i/KG8W+qDAfWUO$*L?" variabletype="">temperatur</field>
        <value name="VALUE">
          <block type="get_status_item_de" id="-^#i;)O,sQ9obp}/9l14">
            <field name="item">sensor</field>
            <value name="name">
              <block type="text" id="^]-_Js+r0!odflMA6^h%">
                <field name="TEXT">tempOutside</field>
              </block>
            </value>
          </block>
        </value>
        <next>
          <block type="controls_if" id="/2BfFN(}2@B`a:ui_nV)">
            <value name="IF0">
              <block type="logic_compare" id="~)47P@g=QW^?+Z2;ykj;">
                <field name="OP">LT</field>
                <value name="A">
                  <block type="variables_get" id="qW?E`C4!g-s|{=VMnCmW">
                    <field name="VAR" id="I$i/KG8W+qDAfWUO$*L?" variabletype="">temperatur</field>
                  </block>
                </value>
                <value name="B">
                  <block type="math_number" id="dZ?*_C76[Jylh!#iWyn3">
                    <field name="NUM">10</field>
                  </block>
                </value>
              </block>
            </value>
            <statement name="DO0">
              <block type="set_pixel_color_rgb_de" id="pLV~[7q2CBole5fz;7/V">
                <field name="PIN">D3</field>
                <value name="PXNUMBER">
                  <block type="math_number" id="ClOa1MM8St2oK7R[HMap">
                    <field name="NUM">0</field>
                  </block>
                </value>
                <value name="RED">
                  <block type="math_number" id="Fjh_z.AY#_aw6576mWI{">
                    <field name="NUM">0</field>
                  </block>
                </value>
                <value name="GREEN">
                  <block type="math_number" id="Gds].m[:7A5uU+fFxMc[">
                    <field name="NUM">0</field>
                  </block>
                </value>
                <value name="BLUE">
                  <block type="math_number" id="7N/;o$NvJ@e[)f{Cu2V*">
                    <field name="NUM">255</field>
                  </block>
                </value>
                <next>
                  <block type="neopixel_show_de" id="JrpDko(s!0(BMuV4brae">
                    <field name="PIN">D3</field>
                  </block>
                </next>
              </block>
            </statement>
            <next>
              <block type="controls_if" id="CD=Mde,@8E@vQyctT16p">
                <value name="IF0">
                  <block type="logic_compare" id="[OX@F!lzOB:S]ir_GUU`">
                    <field name="OP">GTE</field>
                    <value name="A">
                      <block type="variables_get" id="ZCI#{d8_%KWn^n[M7bRm">
                        <field name="VAR" id="I$i/KG8W+qDAfWUO$*L?" variabletype="">temperatur</field>
                      </block>
                    </value>
                    <value name="B">
                      <block type="math_number" id="?9)$L^|gSe{Iole0qrwq">
                        <field name="NUM">11</field>
                      </block>
                    </value>
                  </block>
                </value>
                <statement name="DO0">
                  <block type="set_pixel_color_rgb_de" id="JoR;4o4pAEDonoKpOac9">
                    <field name="PIN">D3</field>
                    <value name="PXNUMBER">
                      <block type="math_number" id="dQAlrhH7;#c70I:FgImw">
                        <field name="NUM">0</field>
                      </block>
                    </value>
                    <value name="RED">
                      <block type="math_number" id="GupI+#$ZOKhyiXop*]4Z">
                        <field name="NUM">255</field>
                      </block>
                    </value>
                    <value name="GREEN">
                      <block type="math_number" id="tsDLy4kVoe^F.^w@ycu%">
                        <field name="NUM">100</field>
                      </block>
                    </value>
                    <value name="BLUE">
                      <block type="math_number" id="iCV-#|9rGt2+H{8HtHqD">
                        <field name="NUM">0</field>
                      </block>
                    </value>
                    <next>
                      <block type="neopixel_show_de" id="?]gIUyZdvL})g}^Fo;ma">
                        <field name="PIN">D3</field>
                      </block>
                    </next>
                  </block>
                </statement>
                <next>
                  <block type="controls_if" id="cCe[,/{tHb3Aof7Uy;g%">
                    <value name="IF0">
                      <block type="logic_compare" id="zyk(lIKWRwZ0}XbW)*.{">
                        <field name="OP">GT</field>
                        <value name="A">
                          <block type="variables_get" id="[!.NNYQcMYq{,/`aIdHh">
                            <field name="VAR" id="I$i/KG8W+qDAfWUO$*L?" variabletype="">temperatur</field>
                          </block>
                        </value>
                        <value name="B">
                          <block type="math_number" id="*$=`o0d?Q6BU.Irco}wd">
                            <field name="NUM">20</field>
                          </block>
                        </value>
                      </block>
                    </value>
                    <statement name="DO0">
                      <block type="set_pixel_color_rgb_de" id="45./#mF4)G??wK)4jc:`">
                        <field name="PIN">D3</field>
                        <value name="PXNUMBER">
                          <block type="math_number" id="7u7[$,wM#q{^GHN1_Xt@">
                            <field name="NUM">0</field>
                          </block>
                        </value>
                        <value name="RED">
                          <block type="math_number" id="|DXBaU;K6K.f7uy+UT^V">
                            <field name="NUM">255</field>
                          </block>
                        </value>
                        <value name="GREEN">
                          <block type="math_number" id=":yL`{D~P%rGGRC5qltF?">
                            <field name="NUM">0</field>
                          </block>
                        </value>
                        <value name="BLUE">
                          <block type="math_number" id="!h.`*5j7*~{EEv0N#l:C">
                            <field name="NUM">0</field>
                          </block>
                        </value>
                        <next>
                          <block type="neopixel_show_de" id="t=ln7%/v,fhmU4.~PLdx">
                            <field name="PIN">D3</field>
                          </block>
                        </next>
                      </block>
                    </statement>
                    <next>
                      <block type="serial_print" id="WeHlq?TE#G!1lSAd]=R+">
                        <value name="CONTENT">
                          <block type="variables_get" id=";#*i2C451ry_c?13IjoP">
                            <field name="VAR" id="I$i/KG8W+qDAfWUO$*L?" variabletype="">temperatur</field>
                          </block>
                        </value>
                        <next>
                          <block type="base_delay" id="mJqlrh9O#|h$fO_haWz*">
                            <value name="DELAY_TIME">
                              <block type="math_number" id="wLCNc735h}87_E3He#X)">
                                <field name="NUM">10000</field>
                              </block>
                            </value>
                          </block>
                        </next>
                      </block>
                    </next>
                  </block>
                </next>
              </block>
            </next>
          </block>
        </next>
      </block>
    </statement>
  </block>
</xml>