<xml xmlns="http://www.w3.org/1999/xhtml">
  <variables>
    <variable type="" id="/X;iwgrx9Dh}/qnQE3q[">i</variable>
    <variable type="" id=".+/+(t?$NrfpbITmB:$e">j</variable>
    <variable type="" id="Sod!GaKOoxEUOk(m[W:C">emotion</variable>
    <variable type="" id="[A|Ww0cLQr`r$GLi1d`/">k</variable>
    <variable type="" id="_Hk%KPFTO,%Dh*P68e1p">m</variable>
    <variable type="" id="}l$wZ$jEg)omB#~m=Gcb">n</variable>
    <variable type="" id="cchGSKA.S=Ld2w?,5wV?">o</variable>
    <variable type="" id="kK)xCl:if|~{|P2AZX3B">p</variable>
    <variable type="" id="[%?1GR(co/BV18kd6`hg">q</variable>
  </variables>
  <block type="arduino_functions" id="7IWdMv-kP[Io:bRFC-YE" x="-578" y="-689">
    <statement name="SETUP_FUNC">
      <block type="connect_baall_de" id="7-fK_T`{}O9mlr_Z#:-F">
        <next>
          <block type="setup_neopixel_de" id="BOXP)[X|jc5ij34mjre7">
            <field name="PIN">D3</field>
            <field name="TYPE1">NEO_GRB</field>
            <field name="TYPE2">NEO_KHZ800</field>
            <value name="LEDNUM">
              <block type="math_number" id="w=Lehk_TVsj-G;6EH;Sc">
                <field name="NUM">1</field>
              </block>
            </value>
            <next>
              <block type="set_neopixel_brightness_de" id="3QWJIE}g#k/]ppiW/Pg@">
                <field name="PIN">D3</field>
                <value name="BRIGHTNESS">
                  <block type="math_number" id="%D4xSA#h:84J|mFr_g^N">
                    <field name="NUM">200</field>
                  </block>
                </value>
              </block>
            </next>
          </block>
        </next>
      </block>
    </statement>
    <statement name="LOOP_FUNC">
      <block type="variables_set" id="+Fhe;iF9+;LqL^rHh+f{">
        <field name="VAR" id="Sod!GaKOoxEUOk(m[W:C" variabletype="">emotion</field>
        <value name="VALUE">
          <block type="get_face_emotion_de" id="sfX;H69nKnQ.[=+Z9tRy"></block>
        </value>
        <next>
          <block type="controls_if" id="j:4TzyZce4o:~iT/~9%n">
            <mutation else="1"></mutation>
            <value name="IF0">
              <block type="logic_compare" id="}3yguWpH7?:]itSm]9Dh">
                <field name="OP">EQ</field>
                <value name="A">
                  <block type="variables_get" id="{}c}|3wH],y#PUghrY9c">
                    <field name="VAR" id="Sod!GaKOoxEUOk(m[W:C" variabletype="">emotion</field>
                  </block>
                </value>
                <value name="B">
                  <block type="math_number" id=",(T$N`xs||VO%z;09ye+">
                    <field name="NUM">4</field>
                  </block>
                </value>
              </block>
            </value>
            <statement name="DO0">
              <block type="set_pixel_color_rgb_de" id="%h8+Jl)MM}DpG~0n9#Xl">
                <field name="PIN">D3</field>
                <value name="PXNUMBER">
                  <block type="math_number" id="+-+eemDcU7`[jmFMM@YI">
                    <field name="NUM">0</field>
                  </block>
                </value>
                <value name="RED">
                  <block type="math_number" id="M4C.gO_:w`9ie7z^)wlt">
                    <field name="NUM">200</field>
                  </block>
                </value>
                <value name="GREEN">
                  <block type="math_number" id="$KXaxBoBGUa~1q(JECC7">
                    <field name="NUM">150</field>
                  </block>
                </value>
                <value name="BLUE">
                  <block type="math_number" id="s8RW,nM{#/bOovt[A+35">
                    <field name="NUM">0</field>
                  </block>
                </value>
                <next>
                  <block type="neopixel_show_de" id="p5Z7no/OxFK+{O#*gR2[">
                    <field name="PIN">D3</field>
                  </block>
                </next>
              </block>
            </statement>
            <statement name="ELSE">
              <block type="set_pixel_color_rgb_de" id="C|;R{x6s72CmJxY.s7_]">
                <field name="PIN">D3</field>
                <value name="PXNUMBER">
                  <block type="math_number" id="o(W^bH+a:z-io$fF6o,L">
                    <field name="NUM">0</field>
                  </block>
                </value>
                <value name="RED">
                  <block type="math_number" id="vd9qenpz#Lui=3lVq_%I">
                    <field name="NUM">200</field>
                  </block>
                </value>
                <value name="GREEN">
                  <block type="math_number" id="4ne91J:Pi%|3OEI^4IV:">
                    <field name="NUM">0</field>
                  </block>
                </value>
                <value name="BLUE">
                  <block type="math_number" id="t0f|I7z`iAg{[bHFL-w_">
                    <field name="NUM">0</field>
                  </block>
                </value>
                <next>
                  <block type="neopixel_show_de" id="WHQ1CdX$|BQ;+efu6^ql">
                    <field name="PIN">D3</field>
                    <next>
                      <block type="base_delay" id="q%+*E)l+v|=11:/PDk%_">
                        <value name="DELAY_TIME">
                          <block type="math_number" id="2j]s3tX5wwU$c?kqLX{y">
                            <field name="NUM">1000</field>
                          </block>
                        </value>
                      </block>
                    </next>
                  </block>
                </next>
              </block>
            </statement>
          </block>
        </next>
      </block>
    </statement>
  </block>
</xml>