<xml xmlns="http://www.w3.org/1999/xhtml">
  <variables>
    <variable type="" id=":5`H@$pJN+/^#?oy7M:a">wetterdaten</variable>
    <variable type="" id="T:+6Np@[qUSdli`97iz5">roter farbwert</variable>
    <variable type="" id="R?DrEG3a71L/{b.N~osB">i</variable>
    <variable type="" id="1c1[4$)1egJe^37!}_z[">j</variable>
    <variable type="" id="AhL#_J5c_Mi~17}p(gCc">grüner farbwert</variable>
    <variable type="" id="jwA$rOk*,NT5nlZY@j=f">k</variable>
    <variable type="" id="M#DRaG~S1ez,8VB4x7VM">m</variable>
    <variable type="" id="9TzsCIACWEisE|j187Q8">n</variable>
    <variable type="" id="ohP;}aCr(+|jmF/t$XJU">o</variable>
    <variable type="" id="#CHU_}[q_R:*fPD*q6x=">p</variable>
    <variable type="" id="bl|AG*3|iYW-I}KB15oH">q</variable>
    <variable type="" id="dG25f]J(9p8i#)vGV%kV">r</variable>
    <variable type="" id="HP4tzEH^v6ClL6%3.jgZ">s</variable>
    <variable type="" id="]4rO^/KkYC^w,C-m5rG4">t</variable>
    <variable type="" id="J^.jJh~5+fLy|F8B+5u_">u</variable>
    <variable type="" id="%=N;oRInCCW$+aneAbe*">v</variable>
    <variable type="" id="d])MzvxkkBXIZ~|w4W#U">w</variable>
    <variable type="" id="QK0H0#H!?y#K0}1E)PFZ">x</variable>
  </variables>
  <block type="arduino_functions" id="4x9xnXFbE`Z]ErmzXS.Z" x="-528" y="-1189">
    <statement name="SETUP_FUNC">
      <block type="connect_wifi" id="0z1527+FFhDT;#yl3oHw">
        <next>
          <block type="setup_neopixel_de" id="m!J}e,YoCltAo%-Ytp7d">
            <field name="PIN">D2</field>
            <field name="TYPE1">NEO_GRB</field>
            <field name="TYPE2">NEO_KHZ800</field>
            <value name="LEDNUM">
              <block type="math_number" id="w1dtz-M7-H|`_59QY7@l">
                <field name="NUM">24</field>
              </block>
            </value>
            <next>
              <block type="set_neopixel_brightness_de" id="ao|GM[5m=:m~$xgH:;dC">
                <field name="PIN">D2</field>
                <value name="BRIGHTNESS">
                  <block type="math_number" id="]p*vHD%T8[r~WbFsPGqP">
                    <field name="NUM">150</field>
                  </block>
                </value>
              </block>
            </next>
          </block>
        </next>
      </block>
    </statement>
    <statement name="LOOP_FUNC">
      <block type="variables_set" id="v|fD0dRTDOF|GTLuDW-K">
        <field name="VAR" id=":5`H@$pJN+/^#?oy7M:a" variabletype="">wetterdaten</field>
        <value name="VALUE">
          <block type="getWeatherforecast" id="y!@@[VCfAN#}mP2_vW}x">
            <field name="TIME">1</field>
            <field name="WEATHER">Condition</field>
          </block>
        </value>
        <next>
          <block type="controls_if" id="){7+Rm$kdT`lY[}S6si^">
            <mutation elseif="6" else="1"></mutation>
            <value name="IF0">
              <block type="logic_compare" id="~x%|F*n~vu6s1`ZtPjeP">
                <field name="OP">EQ</field>
                <value name="A">
                  <block type="variables_get" id="^^2^UzUa!29=nd)`8N{!">
                    <field name="VAR" id=":5`H@$pJN+/^#?oy7M:a" variabletype="">wetterdaten</field>
                  </block>
                </value>
                <value name="B">
                  <block type="math_number" id="ca}})0trDC}xYSLXg6CT">
                    <field name="NUM">2</field>
                  </block>
                </value>
              </block>
            </value>
            <statement name="DO0">
              <block type="controls_for" id="9%)48KvA[5$}qZ}ywpvK">
                <field name="VAR" id="ohP;}aCr(+|jmF/t$XJU" variabletype="">o</field>
                <value name="FROM">
                  <block type="math_number" id="l9wP#yU;NM(LUc]VNV.f">
                    <field name="NUM">0</field>
                  </block>
                </value>
                <value name="TO">
                  <block type="math_number" id="cCJa37|bSDCUYyb3c^Wa">
                    <field name="NUM">23</field>
                  </block>
                </value>
                <value name="BY">
                  <block type="math_number" id="!tHwJ-x.EJ`iO4_TeU`o">
                    <field name="NUM">1</field>
                  </block>
                </value>
                <statement name="DO">
                  <block type="set_pixel_color_rgb_de" id="H.`l7?vMi)w2?)Cd35[)">
                    <field name="PIN">D2</field>
                    <value name="PXNUMBER">
                      <block type="variables_get" id="O(v_{C}FPt?2@J;NkjRm">
                        <field name="VAR" id="ohP;}aCr(+|jmF/t$XJU" variabletype="">o</field>
                      </block>
                    </value>
                    <value name="RED">
                      <block type="math_number" id="K7ZXlyNr9T3w7|sVyYQS">
                        <field name="NUM">28</field>
                      </block>
                    </value>
                    <value name="GREEN">
                      <block type="math_number" id=";;j6A+)6*aU(r+hS9ka%">
                        <field name="NUM">22</field>
                      </block>
                    </value>
                    <value name="BLUE">
                      <block type="math_number" id="475KqZHZRgJo+IMML1(;">
                        <field name="NUM">130</field>
                      </block>
                    </value>
                    <next>
                      <block type="neopixel_show_de" id="]nPkVM?qurwd8E*A%$l(">
                        <field name="PIN">D2</field>
                      </block>
                    </next>
                  </block>
                </statement>
                <next>
                  <block type="base_delay_de" id="n9^x/P#H+,r6u8_W)LI)">
                    <value name="DELAY_TIME">
                      <block type="math_number" id="5q^|iY%f;VQ5Hn)Pw3Wz">
                        <field name="NUM">10000</field>
                      </block>
                    </value>
                    <next>
                      <block type="procedures_callnoreturn" id="D*:WpZ.`wba(?(KLu3o}">
                        <mutation name="Blitz"></mutation>
                      </block>
                    </next>
                  </block>
                </next>
              </block>
            </statement>
            <value name="IF1">
              <block type="logic_compare" id="Q7ojejFn!F^3oyeQw2?}">
                <field name="OP">EQ</field>
                <value name="A">
                  <block type="variables_get" id="Wm]i9Ej?hbf/y^?([Ch{">
                    <field name="VAR" id=":5`H@$pJN+/^#?oy7M:a" variabletype="">wetterdaten</field>
                  </block>
                </value>
                <value name="B">
                  <block type="math_number" id="SA}Qw$dRNTMVqiCUSXVb">
                    <field name="NUM">3</field>
                  </block>
                </value>
              </block>
            </value>
            <statement name="DO1">
              <block type="controls_for" id="#Q/hL$dt965$wkW^L?,:">
                <field name="VAR" id="ohP;}aCr(+|jmF/t$XJU" variabletype="">o</field>
                <value name="FROM">
                  <block type="math_number" id=",E,-Sf(}LkVG2-e;a0b*">
                    <field name="NUM">0</field>
                  </block>
                </value>
                <value name="TO">
                  <block type="math_number" id="uXpX6Z_Z^/V8IaV6]igr">
                    <field name="NUM">23</field>
                  </block>
                </value>
                <value name="BY">
                  <block type="math_number" id="y.S#;$5hg|Dph;:^)b-m">
                    <field name="NUM">1</field>
                  </block>
                </value>
                <statement name="DO">
                  <block type="set_pixel_color_rgb_de" id="^wS.R%|M0sf;B@rIHlUw">
                    <field name="PIN">D2</field>
                    <value name="PXNUMBER">
                      <block type="variables_get" id="AtW{+(0JT5^W%)(-Jpjj">
                        <field name="VAR" id="ohP;}aCr(+|jmF/t$XJU" variabletype="">o</field>
                      </block>
                    </value>
                    <value name="RED">
                      <block type="math_number" id="YwfEv@!_!YzZU=,z;:e,">
                        <field name="NUM">7</field>
                      </block>
                    </value>
                    <value name="GREEN">
                      <block type="math_number" id="_rW=H2Ow-[wSQ~N/Q:[l">
                        <field name="NUM">240</field>
                      </block>
                    </value>
                    <value name="BLUE">
                      <block type="math_number" id="6T{J972j$TP79u9:;ui`">
                        <field name="NUM">220</field>
                      </block>
                    </value>
                    <next>
                      <block type="neopixel_show_de" id="5JW+Y:$+sy^EG/:~3#p2">
                        <field name="PIN">D2</field>
                      </block>
                    </next>
                  </block>
                </statement>
                <next>
                  <block type="base_delay_de" id="z@|+czWRnuDbJfbq]N2t">
                    <value name="DELAY_TIME">
                      <block type="math_number" id="waMj8q~4h)Hr4R/IKPC~">
                        <field name="NUM">20000</field>
                      </block>
                    </value>
                  </block>
                </next>
              </block>
            </statement>
            <value name="IF2">
              <block type="logic_compare" id="7vF4,goX1iV|8yCMBu`-">
                <field name="OP">EQ</field>
                <value name="A">
                  <block type="variables_get" id="QESv@*+RS%x21,:bW2_c">
                    <field name="VAR" id=":5`H@$pJN+/^#?oy7M:a" variabletype="">wetterdaten</field>
                  </block>
                </value>
                <value name="B">
                  <block type="math_number" id="M`6?po$;T6*:ptZJWi{D">
                    <field name="NUM">5</field>
                  </block>
                </value>
              </block>
            </value>
            <statement name="DO2">
              <block type="controls_for" id="g6F!9W!0N0,_%U,2x!Rc">
                <field name="VAR" id="ohP;}aCr(+|jmF/t$XJU" variabletype="">o</field>
                <value name="FROM">
                  <block type="math_number" id="MA0*qwh^b*Ovmwm:uPJ)">
                    <field name="NUM">0</field>
                  </block>
                </value>
                <value name="TO">
                  <block type="math_number" id="^B%z1J6.Ky~^c$aUG$I|">
                    <field name="NUM">23</field>
                  </block>
                </value>
                <value name="BY">
                  <block type="math_number" id="Dd]/T(Nx7M$/_)$C(VmD">
                    <field name="NUM">1</field>
                  </block>
                </value>
                <statement name="DO">
                  <block type="set_pixel_color_rgb_de" id="1A)O}0])XifUFn%8#XC^">
                    <field name="PIN">D2</field>
                    <value name="PXNUMBER">
                      <block type="variables_get" id="|3Gy;oo$z.9r`_bAMPR:">
                        <field name="VAR" id="ohP;}aCr(+|jmF/t$XJU" variabletype="">o</field>
                      </block>
                    </value>
                    <value name="RED">
                      <block type="math_number" id="TGRug]$b%oBVAE@,;KJ4">
                        <field name="NUM">23</field>
                      </block>
                    </value>
                    <value name="GREEN">
                      <block type="math_number" id="yuJ_Wv-VE-Ov0Pb$*TbH">
                        <field name="NUM">240</field>
                      </block>
                    </value>
                    <value name="BLUE">
                      <block type="math_number" id="N85V?Na,00|+M*av7],k">
                        <field name="NUM">7</field>
                      </block>
                    </value>
                    <next>
                      <block type="neopixel_show_de" id="QsCQcv_w#xu-T0$x+`wQ">
                        <field name="PIN">D2</field>
                      </block>
                    </next>
                  </block>
                </statement>
                <next>
                  <block type="base_delay_de" id="@Bs!I?-]Gwoa?+G4;s/,">
                    <value name="DELAY_TIME">
                      <block type="math_number" id="lHefF=(2zJo_g2IJ2Nj;">
                        <field name="NUM">20000</field>
                      </block>
                    </value>
                  </block>
                </next>
              </block>
            </statement>
            <value name="IF3">
              <block type="logic_compare" id="e^p|_@VZ=!%C2`Nm]V?L">
                <field name="OP">EQ</field>
                <value name="A">
                  <block type="variables_get" id="j?Q,QJiB(Fu+r.SQ`DVy">
                    <field name="VAR" id=":5`H@$pJN+/^#?oy7M:a" variabletype="">wetterdaten</field>
                  </block>
                </value>
                <value name="B">
                  <block type="math_number" id="m{lc0;WMIa{4,@$XAauC">
                    <field name="NUM">6</field>
                  </block>
                </value>
              </block>
            </value>
            <statement name="DO3">
              <block type="controls_for" id="`(7%dKt%),Ed#GbTE5|6">
                <field name="VAR" id="ohP;}aCr(+|jmF/t$XJU" variabletype="">o</field>
                <value name="FROM">
                  <block type="math_number" id="t/}`wddPSTE,I68BxjKM">
                    <field name="NUM">0</field>
                  </block>
                </value>
                <value name="TO">
                  <block type="math_number" id="8}*K!=t_|U{2:@(SjnnQ">
                    <field name="NUM">23</field>
                  </block>
                </value>
                <value name="BY">
                  <block type="math_number" id="HUP3;Yd5cBO}4,7}D9#B">
                    <field name="NUM">1</field>
                  </block>
                </value>
                <statement name="DO">
                  <block type="set_pixel_color_rgb_de" id="88KJ2#Ip|^U_URB*#D,K">
                    <field name="PIN">D2</field>
                    <value name="PXNUMBER">
                      <block type="variables_get" id="~q?l*0tzD?9SUyojY2}Y">
                        <field name="VAR" id="ohP;}aCr(+|jmF/t$XJU" variabletype="">o</field>
                      </block>
                    </value>
                    <value name="RED">
                      <block type="math_number" id="|YoEavDXxI5bz7g~mmDG">
                        <field name="NUM">240</field>
                      </block>
                    </value>
                    <value name="GREEN">
                      <block type="math_number" id=",=.*RC,S_SKd~Csl`|D4">
                        <field name="NUM">7</field>
                      </block>
                    </value>
                    <value name="BLUE">
                      <block type="math_number" id="FrSTQkfxgPtlqyED5xm?">
                        <field name="NUM">27</field>
                      </block>
                    </value>
                    <next>
                      <block type="neopixel_show_de" id="+V73D(W?[Ln|B~JNoG[N">
                        <field name="PIN">D2</field>
                      </block>
                    </next>
                  </block>
                </statement>
                <next>
                  <block type="base_delay_de" id="-|Ew?^=O!]HQTMe(Y%(n">
                    <value name="DELAY_TIME">
                      <block type="math_number" id="[MoMCdNI3Ap3b+@$(_Ov">
                        <field name="NUM">20000</field>
                      </block>
                    </value>
                  </block>
                </next>
              </block>
            </statement>
            <value name="IF4">
              <block type="logic_compare" id="F5[0.3X~R*QC^tipE.ub">
                <field name="OP">EQ</field>
                <value name="A">
                  <block type="variables_get" id="s_u2aImA^Y/5r#v[]H.d">
                    <field name="VAR" id=":5`H@$pJN+/^#?oy7M:a" variabletype="">wetterdaten</field>
                  </block>
                </value>
                <value name="B">
                  <block type="math_number" id="n!SVruL.k6.^xaB61Vt^">
                    <field name="NUM">7</field>
                  </block>
                </value>
              </block>
            </value>
            <statement name="DO4">
              <block type="controls_for" id="rcUy;uYA6;Q6Gt}CP~,G">
                <field name="VAR" id="ohP;}aCr(+|jmF/t$XJU" variabletype="">o</field>
                <value name="FROM">
                  <block type="math_number" id="[]2v=kRxZMD2@TYV~Txo">
                    <field name="NUM">0</field>
                  </block>
                </value>
                <value name="TO">
                  <block type="math_number" id="ZK((#XQ!m@,6U0|Nr(iz">
                    <field name="NUM">23</field>
                  </block>
                </value>
                <value name="BY">
                  <block type="math_number" id="p^LES@0i#axxLQ~vK,+_">
                    <field name="NUM">1</field>
                  </block>
                </value>
                <statement name="DO">
                  <block type="set_pixel_color_rgb_de" id="d?Y)o+MzsWz{,ed|8_YU">
                    <field name="PIN">D2</field>
                    <value name="PXNUMBER">
                      <block type="variables_get" id="K,%Osmh{@K8z**Y9cN[h">
                        <field name="VAR" id="ohP;}aCr(+|jmF/t$XJU" variabletype="">o</field>
                      </block>
                    </value>
                    <value name="RED">
                      <block type="math_number" id="59kVI2M{Gz(c`qLONg`B">
                        <field name="NUM">243</field>
                      </block>
                    </value>
                    <value name="GREEN">
                      <block type="math_number" id="}:ibg@9wTo/XV|3o#]uP">
                        <field name="NUM">100</field>
                      </block>
                    </value>
                    <value name="BLUE">
                      <block type="math_number" id="jfDp|-Nxh-zrqUczDj/I">
                        <field name="NUM">56</field>
                      </block>
                    </value>
                    <next>
                      <block type="neopixel_show_de" id="=x6HcQSzDBO78ht@-oqJ">
                        <field name="PIN">D2</field>
                      </block>
                    </next>
                  </block>
                </statement>
                <next>
                  <block type="procedures_callnoreturn" id="Cj.i8wXaEaM^CAA@-s+|">
                    <mutation name="Nebelschwaden"></mutation>
                    <next>
                      <block type="base_delay_de" id="Rb]]~4}[kKvU7atCz3)D">
                        <value name="DELAY_TIME">
                          <block type="math_number" id="3q^2X]{;ymtyFg}VKE`{">
                            <field name="NUM">5000</field>
                          </block>
                        </value>
                      </block>
                    </next>
                  </block>
                </next>
              </block>
            </statement>
            <value name="IF5">
              <block type="logic_compare" id="*sEB=1drSz%2I%dPK$wm">
                <field name="OP">EQ</field>
                <value name="A">
                  <block type="variables_get" id="ac,?h.8.HxQYMX/=9sTn">
                    <field name="VAR" id=":5`H@$pJN+/^#?oy7M:a" variabletype="">wetterdaten</field>
                  </block>
                </value>
                <value name="B">
                  <block type="math_number" id=",BScxD8Jp)NX%`qgMeV:">
                    <field name="NUM">8</field>
                  </block>
                </value>
              </block>
            </value>
            <statement name="DO5">
              <block type="controls_for" id="N2_MT[%vScV*e~{[?KGw">
                <field name="VAR" id="ohP;}aCr(+|jmF/t$XJU" variabletype="">o</field>
                <value name="FROM">
                  <block type="math_number" id="H/0y-oV:r44p$kaO*MCW">
                    <field name="NUM">0</field>
                  </block>
                </value>
                <value name="TO">
                  <block type="math_number" id="JB?T4W]~H|mSGWUMk0Zc">
                    <field name="NUM">23</field>
                  </block>
                </value>
                <value name="BY">
                  <block type="math_number" id="pb[5+71ztCM`rbgY{y!1">
                    <field name="NUM">1</field>
                  </block>
                </value>
                <statement name="DO">
                  <block type="set_pixel_color_rgb_de" id="rf()$7e.nn,~*s;{lqvs">
                    <field name="PIN">D2</field>
                    <value name="PXNUMBER">
                      <block type="variables_get" id="28cJC;v{7mk%mpsi/{Pq">
                        <field name="VAR" id="ohP;}aCr(+|jmF/t$XJU" variabletype="">o</field>
                      </block>
                    </value>
                    <value name="RED">
                      <block type="math_number" id="b#vZ?o3Pe`581^ik*f!p">
                        <field name="NUM">250</field>
                      </block>
                    </value>
                    <value name="GREEN">
                      <block type="math_number" id="RXl/{Xt%|o%I$X`WJ1xV">
                        <field name="NUM">250</field>
                      </block>
                    </value>
                    <value name="BLUE">
                      <block type="math_number" id="ehR`jqGKoSu)g[L[LAcf">
                        <field name="NUM">250</field>
                      </block>
                    </value>
                    <next>
                      <block type="neopixel_show_de" id="lJhZsoi^SA=jU]Nw1-78">
                        <field name="PIN">D2</field>
                      </block>
                    </next>
                  </block>
                </statement>
                <next>
                  <block type="base_delay_de" id="$T;IQTEDb9Q#^@U7sPQJ">
                    <value name="DELAY_TIME">
                      <block type="math_number" id="}Zj_JIm4t1l;ehU#PF)M">
                        <field name="NUM">20000</field>
                      </block>
                    </value>
                  </block>
                </next>
              </block>
            </statement>
            <value name="IF6">
              <block type="logic_compare" id="r1%n9kwbz+~=(sNdcC!!">
                <field name="OP">EQ</field>
                <value name="A">
                  <block type="variables_get" id="~pI5@xhgV11lK{tiEsRP">
                    <field name="VAR" id=":5`H@$pJN+/^#?oy7M:a" variabletype="">wetterdaten</field>
                  </block>
                </value>
                <value name="B">
                  <block type="math_number" id="Z^|N!yqiOPDwC~?#`6Do">
                    <field name="NUM">9</field>
                  </block>
                </value>
              </block>
            </value>
            <statement name="DO6">
              <block type="controls_for" id="XJjqKrrJ1_30Q82^sv3)">
                <field name="VAR" id="ohP;}aCr(+|jmF/t$XJU" variabletype="">o</field>
                <value name="FROM">
                  <block type="math_number" id="iJNVeOJnMzoZY)1!hnBx">
                    <field name="NUM">0</field>
                  </block>
                </value>
                <value name="TO">
                  <block type="math_number" id="oObPmO/LjV4S15uK`X8`">
                    <field name="NUM">23</field>
                  </block>
                </value>
                <value name="BY">
                  <block type="math_number" id="jol1|!ugS{gLGe|zvx~k">
                    <field name="NUM">1</field>
                  </block>
                </value>
                <statement name="DO">
                  <block type="set_pixel_color_rgb_de" id="XdvK?ox}+DHFl;Z.Z1DE">
                    <field name="PIN">D2</field>
                    <value name="PXNUMBER">
                      <block type="variables_get" id="M^~*k#*{nW(lkYRpSS(%">
                        <field name="VAR" id="ohP;}aCr(+|jmF/t$XJU" variabletype="">o</field>
                      </block>
                    </value>
                    <value name="RED">
                      <block type="math_number" id="eP.(FP1(|m%ncaIT/]CE">
                        <field name="NUM">240</field>
                      </block>
                    </value>
                    <value name="GREEN">
                      <block type="math_number" id=":Hcn,_VWv$0ugSm;N$XE">
                        <field name="NUM">216</field>
                      </block>
                    </value>
                    <value name="BLUE">
                      <block type="math_number" id="y;@IiVU2}ECuz)81|suf">
                        <field name="NUM">7</field>
                      </block>
                    </value>
                    <next>
                      <block type="neopixel_show_de" id="%inF,i)SyzEd~(Rt8HmB">
                        <field name="PIN">D2</field>
                      </block>
                    </next>
                  </block>
                </statement>
                <next>
                  <block type="base_delay_de" id="BBOKG;bb2$VOIF#!iS/(">
                    <value name="DELAY_TIME">
                      <block type="math_number" id=")r9(_?1v@?+-8y_B%aC.">
                        <field name="NUM">20000</field>
                      </block>
                    </value>
                  </block>
                </next>
              </block>
            </statement>
          </block>
        </next>
      </block>
    </statement>
  </block>
  <block type="procedures_defnoreturn" id="4qJ|A^4u=YkW#demIps{" x="249" y="-972">
    <field name="NAME">Blitz</field>
    <comment pinned="false" h="80" w="160">Beschreibe diese Funktion …</comment>
    <statement name="STACK">
      <block type="controls_for" id="hv_b(y3*vTPR7{^(kXVq">
        <field name="VAR" id="R?DrEG3a71L/{b.N~osB" variabletype="">i</field>
        <value name="FROM">
          <block type="math_number" id="zepCSZIq+1UKP{)?uk18">
            <field name="NUM">0</field>
          </block>
        </value>
        <value name="TO">
          <block type="math_number" id="m+rfV@ShP,M^{s~N_w/6">
            <field name="NUM">23</field>
          </block>
        </value>
        <value name="BY">
          <block type="math_number" id="(I}S~1Hb]-}/J`~+0uU,">
            <field name="NUM">1</field>
          </block>
        </value>
        <statement name="DO">
          <block type="set_neopixel_brightness_de" id="3UU~2=d;.DHfr@*Qw^7Z">
            <field name="PIN">D2</field>
            <value name="BRIGHTNESS">
              <block type="math_number" id="UIy;l/Wan$|^W_w`k7EV">
                <field name="NUM">255</field>
              </block>
            </value>
            <next>
              <block type="set_pixel_color_rgb_de" id="Vfzin{#gyq1lIzCBc[}K">
                <field name="PIN">D2</field>
                <value name="PXNUMBER">
                  <block type="variables_get" id="Fby6S[u46}:Wee)[aBD)">
                    <field name="VAR" id="R?DrEG3a71L/{b.N~osB" variabletype="">i</field>
                  </block>
                </value>
                <value name="RED">
                  <block type="math_number" id="}1%{+x4GOmJ~xJ{?1vde">
                    <field name="NUM">255</field>
                  </block>
                </value>
                <value name="GREEN">
                  <block type="math_number" id="zV,nq~zAT+M?H|3l4scu">
                    <field name="NUM">255</field>
                  </block>
                </value>
                <value name="BLUE">
                  <block type="math_number" id="|T:D/:aGf5mo|?b={0-:">
                    <field name="NUM">255</field>
                  </block>
                </value>
              </block>
            </next>
          </block>
        </statement>
        <next>
          <block type="neopixel_show_de" id="k89P;d#~tX4qG6=YG3+$">
            <field name="PIN">D2</field>
            <next>
              <block type="base_delay_de" id="brDZjtA8/fw|gLdv8U.1">
                <value name="DELAY_TIME">
                  <block type="math_number" id="jPE|)|Iq)`Q-V_e`zy{A">
                    <field name="NUM">400</field>
                  </block>
                </value>
              </block>
            </next>
          </block>
        </next>
      </block>
    </statement>
  </block>
  <block type="procedures_defnoreturn" id="Z8QV})vXW:Y=qR88WEUy" x="253" y="-579">
    <field name="NAME">Nebelschwaden</field>
    <comment pinned="false" h="80" w="160">Beschreibe diese Funktion …</comment>
    <statement name="STACK">
      <block type="controls_for" id="Ffy!}6uKg}CR@UoG$9hg">
        <field name="VAR" id="d])MzvxkkBXIZ~|w4W#U" variabletype="">w</field>
        <value name="FROM">
          <block type="math_number" id="iy*93K=v0[z`pm:AnK]c">
            <field name="NUM">0</field>
          </block>
        </value>
        <value name="TO">
          <block type="math_number" id="/9Ra?%3p){O?:Xw}+8h~">
            <field name="NUM">23</field>
          </block>
        </value>
        <value name="BY">
          <block type="math_number" id="],IF.}HYDlfT4W9oEUVS">
            <field name="NUM">1</field>
          </block>
        </value>
        <statement name="DO">
          <block type="set_pixel_color_rgb_de" id="oT7]~93uW]uxaHD[B0vu">
            <field name="PIN">D2</field>
            <value name="PXNUMBER">
              <block type="variables_get" id=",qXjA^L:`~jqsVH}c8@e">
                <field name="VAR" id="d])MzvxkkBXIZ~|w4W#U" variabletype="">w</field>
              </block>
            </value>
            <value name="RED">
              <block type="math_number" id="J-p8F9uxPYG!57_G%/oR">
                <field name="NUM">24</field>
              </block>
            </value>
            <value name="GREEN">
              <block type="math_number" id="(sR}J4m1UL$[3]Fu0;hq">
                <field name="NUM">10</field>
              </block>
            </value>
            <value name="BLUE">
              <block type="math_number" id="%^z4%gD|Io$#S*ia#8aq">
                <field name="NUM">5</field>
              </block>
            </value>
            <next>
              <block type="neopixel_show_de" id="lUkI@uyPSihg21@Q.H-8">
                <field name="PIN">D2</field>
                <next>
                  <block type="base_delay_de" id="Oa~1VE/]Ci{tXUhjqJe9">
                    <value name="DELAY_TIME">
                      <block type="math_number" id="?+5#%B7m7E:e5)sQ5G)w">
                        <field name="NUM">400</field>
                      </block>
                    </value>
                    <next>
                      <block type="set_pixel_color_rgb_de" id="%L2{0PAd%SGIDC-`a30;">
                        <field name="PIN">D2</field>
                        <value name="PXNUMBER">
                          <block type="variables_get" id="zcrv?,J4DSenjatw}[ho">
                            <field name="VAR" id="d])MzvxkkBXIZ~|w4W#U" variabletype="">w</field>
                          </block>
                        </value>
                        <value name="RED">
                          <block type="math_number" id="{ecKp4dF?`c@f[kXp%~O">
                            <field name="NUM">243</field>
                          </block>
                        </value>
                        <value name="GREEN">
                          <block type="math_number" id="mfwS:hmr*%J5^o|j)dLk">
                            <field name="NUM">100</field>
                          </block>
                        </value>
                        <value name="BLUE">
                          <block type="math_number" id="7mQf9HGizS%qVF}ajxiR">
                            <field name="NUM">56</field>
                          </block>
                        </value>
                        <next>
                          <block type="neopixel_show_de" id="h:i-)h?eGdE?_q3?Be@r">
                            <field name="PIN">D2</field>
                          </block>
                        </next>
                      </block>
                    </next>
                  </block>
                </next>
              </block>
            </next>
          </block>
        </statement>
      </block>
    </statement>
  </block>
</xml>