<xml xmlns="http://www.w3.org/1999/xhtml">
  <variables>
    <variable type="" id="MO;KJzqT2a4TT5hwM_Gz">wetter</variable>
    <variable type="" id="hGZ)!tMC|={Z,n;~}?pQ">i</variable>
    <variable type="" id="QHR0ZfN~r2:tm0hUX$1L">temperatur</variable>
    <variable type="" id="/?IHb-J,a3(PfaHUNY@r">j</variable>
  </variables>
  <block type="arduino_functions" id="^`E%Ao@g7x@).KH7ioR." x="135" y="217">
    <statement name="SETUP_FUNC">
      <block type="connect_wifi" id="c$RS3oQulW-)!=k=$Xtj">
        <next>
          <block type="setup_neopixel_de" id="i+Y)*RUQ*29.`*dkQ`oX">
            <field name="PIN">D3</field>
            <field name="TYPE1">NEO_GRB</field>
            <field name="TYPE2">NEO_KHZ800</field>
            <value name="LEDNUM">
              <block type="math_number" id="%pelhXPN6cEJs%]rC/gL">
                <field name="NUM">3</field>
              </block>
            </value>
          </block>
        </next>
      </block>
    </statement>
    <statement name="LOOP_FUNC">
      <block type="variables_set" id="jk=Yye19tDtzVX0N?98Z">
        <field name="VAR" id="MO;KJzqT2a4TT5hwM_Gz" variabletype="">wetter</field>
        <value name="VALUE">
          <block type="getcurrentWeathercondition" id="c(neK[s3m6xP=Ns@jd;z">
            <field name="WEATHER">Temp</field>
          </block>
        </value>
        <next>
          <block type="serial_print_de" id="vx`y$bEEbI!f^HtQ?h:M">
            <value name="CONTENT">
              <block type="variables_get" id="r9Kn:LYhv:w0h]s2E?/8">
                <field name="VAR" id="MO;KJzqT2a4TT5hwM_Gz" variabletype="">wetter</field>
              </block>
            </value>
            <next>
              <block type="controls_for" id="ihS]j@e~%FiPYc/,^@tG">
                <field name="VAR" id="/?IHb-J,a3(PfaHUNY@r" variabletype="">j</field>
                <value name="FROM">
                  <block type="math_number" id=":jv+fj^d[n?D#jY?L+0b">
                    <field name="NUM">0</field>
                  </block>
                </value>
                <value name="TO">
                  <block type="math_number" id="/_H6D}[?7d5qfW.gU(M%">
                    <field name="NUM">2</field>
                  </block>
                </value>
                <value name="BY">
                  <block type="math_number" id="%.c9Ve?[idIK~vRg6w]=">
                    <field name="NUM">1</field>
                  </block>
                </value>
                <statement name="DO">
                  <block type="set_pixel_color_rgb_de" id="OGsd/^{!Lxw])N*oBIC=">
                    <field name="PIN">D3</field>
                    <value name="PXNUMBER">
                      <block type="variables_get" id="th!$Iq%)dypY=ypE6tG1">
                        <field name="VAR" id="/?IHb-J,a3(PfaHUNY@r" variabletype="">j</field>
                      </block>
                    </value>
                    <value name="RED">
                      <block type="math_number" id=";je/BA?Mu73MI}kSc7zI">
                        <field name="NUM">0</field>
                      </block>
                    </value>
                    <value name="GREEN">
                      <block type="math_number" id="35+mw`)@7n(cIJ?Gv,/.">
                        <field name="NUM">0</field>
                      </block>
                    </value>
                    <value name="BLUE">
                      <block type="math_number" id="icQt;=E-FbJd6t2ZJ_.G">
                        <field name="NUM">0</field>
                      </block>
                    </value>
                    <next>
                      <block type="neopixel_show_de" id=",q#?os`kt@+D.OOGs-V`">
                        <field name="PIN">D3</field>
                      </block>
                    </next>
                  </block>
                </statement>
                <next>
                  <block type="controls_if" id="-ZDkR`JAFli)knvVH)K!">
                    <mutation elseif="1" else="1"></mutation>
                    <value name="IF0">
                      <block type="logic_compare" id="*F[79S2~:qXL+(}pQ}XU">
                        <field name="OP">LTE</field>
                        <value name="A">
                          <block type="variables_get" id="@xH7GkrW56EUKMCvlbty">
                            <field name="VAR" id="MO;KJzqT2a4TT5hwM_Gz" variabletype="">wetter</field>
                          </block>
                        </value>
                        <value name="B">
                          <block type="math_number" id="hmgkr(P%;vb!#y6T=yy-">
                            <field name="NUM">5</field>
                          </block>
                        </value>
                      </block>
                    </value>
                    <statement name="DO0">
                      <block type="controls_for" id="ugjP^aOLd8/+^vD6]Lho">
                        <field name="VAR" id="/?IHb-J,a3(PfaHUNY@r" variabletype="">j</field>
                        <value name="FROM">
                          <block type="math_number" id="`pWKQQ+%+bHc2q{|ztel">
                            <field name="NUM">0</field>
                          </block>
                        </value>
                        <value name="TO">
                          <block type="math_number" id="dcOFX1m_ktUEoQ*r*Ets">
                            <field name="NUM">2</field>
                          </block>
                        </value>
                        <value name="BY">
                          <block type="math_number" id="~$/j_%,RHF@`Xwl/Qc((">
                            <field name="NUM">1</field>
                          </block>
                        </value>
                        <statement name="DO">
                          <block type="set_pixel_color_rgb_de" id="!4h5t7]wD=caez+6]A3*">
                            <field name="PIN">D3</field>
                            <value name="PXNUMBER">
                              <block type="variables_get" id="*Q;n-kgc7`t9XwlC{S}V">
                                <field name="VAR" id="/?IHb-J,a3(PfaHUNY@r" variabletype="">j</field>
                              </block>
                            </value>
                            <value name="RED">
                              <block type="math_number" id="=m,4oSH`K]%q*Fw{anoQ">
                                <field name="NUM">0</field>
                              </block>
                            </value>
                            <value name="GREEN">
                              <block type="math_number" id="DCCf)0pmF_rANMS%o9k4">
                                <field name="NUM">0</field>
                              </block>
                            </value>
                            <value name="BLUE">
                              <block type="math_number" id="K%j-eB^$Nlw43fLu+*45">
                                <field name="NUM">254</field>
                              </block>
                            </value>
                            <next>
                              <block type="neopixel_show_de" id="#~4;Db9X4]tn?UtI}!}G">
                                <field name="PIN">D3</field>
                              </block>
                            </next>
                          </block>
                        </statement>
                        <next>
                          <block type="base_delay_de" id="yiwCCT,WIs/[c6JN9ghl">
                            <value name="DELAY_TIME">
                              <block type="math_number" id="S*5.p(fWzWKBDK}M)DGy">
                                <field name="NUM">1000</field>
                              </block>
                            </value>
                            <next>
                              <block type="controls_for" id="T80~tLE.1yGxQ+$nwzr9">
                                <field name="VAR" id="/?IHb-J,a3(PfaHUNY@r" variabletype="">j</field>
                                <value name="FROM">
                                  <block type="math_number" id="sVSG+`ueYH]H36-XN1x}">
                                    <field name="NUM">0</field>
                                  </block>
                                </value>
                                <value name="TO">
                                  <block type="math_number" id="Vgw6L2PJShN,cxj{r99n">
                                    <field name="NUM">2</field>
                                  </block>
                                </value>
                                <value name="BY">
                                  <block type="math_number" id="vpOfb!6Vt66uE_);aAiL">
                                    <field name="NUM">1</field>
                                  </block>
                                </value>
                                <statement name="DO">
                                  <block type="set_pixel_color_rgb_de" id="U`i}O!8{.h`.2ZHh4e?6">
                                    <field name="PIN">D3</field>
                                    <value name="PXNUMBER">
                                      <block type="variables_get" id="i*y,z2IsN092l3:j5T[b">
                                        <field name="VAR" id="/?IHb-J,a3(PfaHUNY@r" variabletype="">j</field>
                                      </block>
                                    </value>
                                    <value name="RED">
                                      <block type="math_number" id="v=x5Jp8KoIPek*X#s^R=">
                                        <field name="NUM">0</field>
                                      </block>
                                    </value>
                                    <value name="GREEN">
                                      <block type="math_number" id=";2RsJb8IY,::mMCQ5JBO">
                                        <field name="NUM">25</field>
                                      </block>
                                    </value>
                                    <value name="BLUE">
                                      <block type="math_number" id="N9G2H#_.`g,-Y|IST/0*">
                                        <field name="NUM">200</field>
                                      </block>
                                    </value>
                                    <next>
                                      <block type="neopixel_show_de" id="}yPDB;-[|r%Hnk,2g7%P">
                                        <field name="PIN">D3</field>
                                      </block>
                                    </next>
                                  </block>
                                </statement>
                                <next>
                                  <block type="base_delay_de" id="A%=LpCkoBq3p*)P!aMJM">
                                    <value name="DELAY_TIME">
                                      <block type="math_number" id="DOzvc3;Y[/?*@4N|o!9)">
                                        <field name="NUM">1000</field>
                                      </block>
                                    </value>
                                    <next>
                                      <block type="controls_for" id="aj0j9Fq?QsXe6YNsW7[v">
                                        <field name="VAR" id="/?IHb-J,a3(PfaHUNY@r" variabletype="">j</field>
                                        <value name="FROM">
                                          <block type="math_number" id="Id%vx!DX%D{gK(QIf*cG">
                                            <field name="NUM">0</field>
                                          </block>
                                        </value>
                                        <value name="TO">
                                          <block type="math_number" id="qTL(-,Dc/0H9t(fX^`5T">
                                            <field name="NUM">2</field>
                                          </block>
                                        </value>
                                        <value name="BY">
                                          <block type="math_number" id="q_u)*bsuQF|@?GA}*$Kb">
                                            <field name="NUM">1</field>
                                          </block>
                                        </value>
                                        <statement name="DO">
                                          <block type="set_pixel_color_rgb_de" id="I8~1L9IZ)6cjiPCuL9h%">
                                            <field name="PIN">D3</field>
                                            <value name="PXNUMBER">
                                              <block type="variables_get" id="~$=~uI?aSc$j=LM5[k^Z">
                                                <field name="VAR" id="/?IHb-J,a3(PfaHUNY@r" variabletype="">j</field>
                                              </block>
                                            </value>
                                            <value name="RED">
                                              <block type="math_number" id="3%sAnS;0|6w-,u,rgI]o">
                                                <field name="NUM">0</field>
                                              </block>
                                            </value>
                                            <value name="GREEN">
                                              <block type="math_number" id="cvt.]W9L#TBTWSi6.ZAX">
                                                <field name="NUM">50</field>
                                              </block>
                                            </value>
                                            <value name="BLUE">
                                              <block type="math_number" id="LxXrLP2Z0V-e#s?nKeA_">
                                                <field name="NUM">150</field>
                                              </block>
                                            </value>
                                            <next>
                                              <block type="neopixel_show_de" id="K2UV?xn2-d8v8z*)q5Qj">
                                                <field name="PIN">D3</field>
                                              </block>
                                            </next>
                                          </block>
                                        </statement>
                                        <next>
                                          <block type="base_delay_de" id="mM#:yfBi4IC=-rUIzG3-">
                                            <value name="DELAY_TIME">
                                              <block type="math_number" id="6]QtT^-N2S@ZkHn3u2?B">
                                                <field name="NUM">1000</field>
                                              </block>
                                            </value>
                                            <next>
                                              <block type="controls_for" id="p,U0Q^2ken1N,fJ%XDfB">
                                                <field name="VAR" id="/?IHb-J,a3(PfaHUNY@r" variabletype="">j</field>
                                                <value name="FROM">
                                                  <block type="math_number" id=",kWQA=b|@eFJVulkJX(V">
                                                    <field name="NUM">0</field>
                                                  </block>
                                                </value>
                                                <value name="TO">
                                                  <block type="math_number" id="YZ3~V5ur:HJ6w=|%4E*(">
                                                    <field name="NUM">2</field>
                                                  </block>
                                                </value>
                                                <value name="BY">
                                                  <block type="math_number" id="1XmMs$k{$[abO%!0?tTu">
                                                    <field name="NUM">1</field>
                                                  </block>
                                                </value>
                                                <statement name="DO">
                                                  <block type="set_pixel_color_rgb_de" id="Ly=Z:NcbHIdH(S|D?/;z">
                                                    <field name="PIN">D3</field>
                                                    <value name="PXNUMBER">
                                                      <block type="variables_get" id="*3#0u-q;RBeiH)V),pL=">
                                                        <field name="VAR" id="/?IHb-J,a3(PfaHUNY@r" variabletype="">j</field>
                                                      </block>
                                                    </value>
                                                    <value name="RED">
                                                      <block type="math_number" id="{?Dn{o]1FBK||`S[gWzw">
                                                        <field name="NUM">0</field>
                                                      </block>
                                                    </value>
                                                    <value name="GREEN">
                                                      <block type="math_number" id="AeNx]4wBLmx(g3-L~n*x">
                                                        <field name="NUM">75</field>
                                                      </block>
                                                    </value>
                                                    <value name="BLUE">
                                                      <block type="math_number" id="Ds|A+Zb{ddbZV{r~cv{3">
                                                        <field name="NUM">150</field>
                                                      </block>
                                                    </value>
                                                    <next>
                                                      <block type="neopixel_show_de" id="wUCtRVZKn/3nE18[qGsQ">
                                                        <field name="PIN">D3</field>
                                                      </block>
                                                    </next>
                                                  </block>
                                                </statement>
                                                <next>
                                                  <block type="base_delay_de" id="(/tz5WNgIhqTvq$::KJ4">
                                                    <value name="DELAY_TIME">
                                                      <block type="math_number" id="hzKo$kU|C9J)@Q$Pe!nC">
                                                        <field name="NUM">1000</field>
                                                      </block>
                                                    </value>
                                                    <next>
                                                      <block type="controls_for" id="QpS6YH{IQctMG.vMA4sA">
                                                        <field name="VAR" id="/?IHb-J,a3(PfaHUNY@r" variabletype="">j</field>
                                                        <value name="FROM">
                                                          <block type="math_number" id="RY5lw?UVd}|8[J=V|s!{">
                                                            <field name="NUM">0</field>
                                                          </block>
                                                        </value>
                                                        <value name="TO">
                                                          <block type="math_number" id="U,2#~9AI6]#^5lF}I?J9">
                                                            <field name="NUM">2</field>
                                                          </block>
                                                        </value>
                                                        <value name="BY">
                                                          <block type="math_number" id="70+c65:},/Zzhuxvw|sm">
                                                            <field name="NUM">1</field>
                                                          </block>
                                                        </value>
                                                        <statement name="DO">
                                                          <block type="set_pixel_color_rgb_de" id="ZAv.K92*`$(]~9:(y4Wu">
                                                            <field name="PIN">D3</field>
                                                            <value name="PXNUMBER">
                                                              <block type="variables_get" id="mI0=Ba0I}8$PAuJTS@*4">
                                                                <field name="VAR" id="/?IHb-J,a3(PfaHUNY@r" variabletype="">j</field>
                                                              </block>
                                                            </value>
                                                            <value name="RED">
                                                              <block type="math_number" id="k-Fqd0];pnaBh1zY099C">
                                                                <field name="NUM">0</field>
                                                              </block>
                                                            </value>
                                                            <value name="GREEN">
                                                              <block type="math_number" id="Z0a8y^EK$z+@FT:M+VG7">
                                                                <field name="NUM">100</field>
                                                              </block>
                                                            </value>
                                                            <value name="BLUE">
                                                              <block type="math_number" id="MzE2.GtkB2qN$2WK/b?k">
                                                                <field name="NUM">150</field>
                                                              </block>
                                                            </value>
                                                            <next>
                                                              <block type="neopixel_show_de" id="q`6L,v[G8+EV(}dDCyMZ">
                                                                <field name="PIN">D3</field>
                                                              </block>
                                                            </next>
                                                          </block>
                                                        </statement>
                                                        <next>
                                                          <block type="base_delay_de" id=".=Elw2q;y.gJ=Uf}q(+D">
                                                            <value name="DELAY_TIME">
                                                              <block type="math_number" id="eQ5$QpQf6SV9ObE]AQ@R">
                                                                <field name="NUM">1000</field>
                                                              </block>
                                                            </value>
                                                          </block>
                                                        </next>
                                                      </block>
                                                    </next>
                                                  </block>
                                                </next>
                                              </block>
                                            </next>
                                          </block>
                                        </next>
                                      </block>
                                    </next>
                                  </block>
                                </next>
                              </block>
                            </next>
                          </block>
                        </next>
                      </block>
                    </statement>
                    <value name="IF1">
                      <block type="logic_compare" id="Zvz(?ELjiI1/g?PAXb9B">
                        <field name="OP">GTE</field>
                        <value name="A">
                          <block type="variables_get" id="SF@GL{#wT,zr+fY*IReX">
                            <field name="VAR" id="MO;KJzqT2a4TT5hwM_Gz" variabletype="">wetter</field>
                          </block>
                        </value>
                        <value name="B">
                          <block type="math_number" id="qm@PGy2=AEfA(aC,?Jzg">
                            <field name="NUM">25</field>
                          </block>
                        </value>
                      </block>
                    </value>
                    <statement name="DO1">
                      <block type="controls_for" id=";EMIrXwe@Y_YoW;(bfWC">
                        <field name="VAR" id="/?IHb-J,a3(PfaHUNY@r" variabletype="">j</field>
                        <value name="FROM">
                          <block type="math_number" id="[VsDb|gV*DW-i7~tHBYa">
                            <field name="NUM">0</field>
                          </block>
                        </value>
                        <value name="TO">
                          <block type="math_number" id="bTNQl}V_`gQv?V|q4{p!">
                            <field name="NUM">2</field>
                          </block>
                        </value>
                        <value name="BY">
                          <block type="math_number" id="hI,itm_!L;vpDL+C}-}g">
                            <field name="NUM">1</field>
                          </block>
                        </value>
                        <statement name="DO">
                          <block type="set_pixel_color_rgb_de" id="$w:dU4iu((szT;`o%Gj$">
                            <field name="PIN">D3</field>
                            <value name="PXNUMBER">
                              <block type="variables_get" id="#*dy^ZK-iX%$xzDP#Ri9">
                                <field name="VAR" id="/?IHb-J,a3(PfaHUNY@r" variabletype="">j</field>
                              </block>
                            </value>
                            <value name="RED">
                              <block type="math_number" id="c%yxBrVK,iq,5U4jyQlM">
                                <field name="NUM">254</field>
                              </block>
                            </value>
                            <value name="GREEN">
                              <block type="math_number" id="dxHB%?)ZztKWsf$vFNNy">
                                <field name="NUM">0</field>
                              </block>
                            </value>
                            <value name="BLUE">
                              <block type="math_number" id="_YQWvvw|.Xx}MVD~KWBu">
                                <field name="NUM">0</field>
                              </block>
                            </value>
                            <next>
                              <block type="neopixel_show_de" id="Ih~}$Lu.b=3JyIKr4y:Z">
                                <field name="PIN">D3</field>
                              </block>
                            </next>
                          </block>
                        </statement>
                        <next>
                          <block type="base_delay_de" id="WyiY-Lk_C{%5!Dd7.:eA">
                            <value name="DELAY_TIME">
                              <block type="math_number" id="/An[(sz=Eys|CldYQi=o">
                                <field name="NUM">1000</field>
                              </block>
                            </value>
                            <next>
                              <block type="controls_for" id="J`Qv1q|sj[1$EL;1qC^]">
                                <field name="VAR" id="/?IHb-J,a3(PfaHUNY@r" variabletype="">j</field>
                                <value name="FROM">
                                  <block type="math_number" id="]1T0NMFhy}JqQg6!^giF">
                                    <field name="NUM">0</field>
                                  </block>
                                </value>
                                <value name="TO">
                                  <block type="math_number" id="A~L#0.PfO!s-Y;;BX?=B">
                                    <field name="NUM">2</field>
                                  </block>
                                </value>
                                <value name="BY">
                                  <block type="math_number" id="b::C76MVND.C!l21iY.B">
                                    <field name="NUM">1</field>
                                  </block>
                                </value>
                                <statement name="DO">
                                  <block type="set_pixel_color_rgb_de" id="_[,AP{nX`z5@Cd]T8r~y">
                                    <field name="PIN">D3</field>
                                    <value name="PXNUMBER">
                                      <block type="variables_get" id="C#F!Lmrq)OsGmd_Wt-?,">
                                        <field name="VAR" id="/?IHb-J,a3(PfaHUNY@r" variabletype="">j</field>
                                      </block>
                                    </value>
                                    <value name="RED">
                                      <block type="math_number" id="Z%nx.}fOSG(nUcklgWbd">
                                        <field name="NUM">200</field>
                                      </block>
                                    </value>
                                    <value name="GREEN">
                                      <block type="math_number" id="|T+T7X|Fk9[?nS7nhuV!">
                                        <field name="NUM">0</field>
                                      </block>
                                    </value>
                                    <value name="BLUE">
                                      <block type="math_number" id="ZW!Az-WZC.WRlk_zXWF2">
                                        <field name="NUM">25</field>
                                      </block>
                                    </value>
                                    <next>
                                      <block type="neopixel_show_de" id="+NL^tx/DyY*CGk+8Y*X1">
                                        <field name="PIN">D3</field>
                                      </block>
                                    </next>
                                  </block>
                                </statement>
                                <next>
                                  <block type="base_delay_de" id=";gq}8KOKW@o(_n{1Bo~K">
                                    <value name="DELAY_TIME">
                                      <block type="math_number" id="O$DX[*zZ)V{l|GY(no[-">
                                        <field name="NUM">1000</field>
                                      </block>
                                    </value>
                                    <next>
                                      <block type="controls_for" id="(FT!5,i)Ys+2c_MBLBq(">
                                        <field name="VAR" id="/?IHb-J,a3(PfaHUNY@r" variabletype="">j</field>
                                        <value name="FROM">
                                          <block type="math_number" id="r1dEq)#Jg=4H..j^8*#(">
                                            <field name="NUM">0</field>
                                          </block>
                                        </value>
                                        <value name="TO">
                                          <block type="math_number" id="f!!]4W.Sv4n=Q(_6`5L9">
                                            <field name="NUM">2</field>
                                          </block>
                                        </value>
                                        <value name="BY">
                                          <block type="math_number" id="201t[TK0uIFm;oy~nM.0">
                                            <field name="NUM">1</field>
                                          </block>
                                        </value>
                                        <statement name="DO">
                                          <block type="set_pixel_color_rgb_de" id="-J?NKPmajTk32}H[GN@p">
                                            <field name="PIN">D3</field>
                                            <value name="PXNUMBER">
                                              <block type="variables_get" id="3.BA2WZDhh3.q=N.1P9s">
                                                <field name="VAR" id="/?IHb-J,a3(PfaHUNY@r" variabletype="">j</field>
                                              </block>
                                            </value>
                                            <value name="RED">
                                              <block type="math_number" id=";ZVB!#rbl+*r*:m5dOU.">
                                                <field name="NUM">150</field>
                                              </block>
                                            </value>
                                            <value name="GREEN">
                                              <block type="math_number" id="qn{IY=XHT~uJ{r[c8GYy">
                                                <field name="NUM">0</field>
                                              </block>
                                            </value>
                                            <value name="BLUE">
                                              <block type="math_number" id="d}L^5Uli@)Fv]$=j-t{O">
                                                <field name="NUM">50</field>
                                              </block>
                                            </value>
                                            <next>
                                              <block type="neopixel_show_de" id="K2.l/T12FJ,N|NUQP@BC">
                                                <field name="PIN">D3</field>
                                              </block>
                                            </next>
                                          </block>
                                        </statement>
                                        <next>
                                          <block type="base_delay_de" id="$ef1Vl+*hAwd4(yDSxO}">
                                            <value name="DELAY_TIME">
                                              <block type="math_number" id="9,h6I]s7`6{zwP.N`I*?">
                                                <field name="NUM">1000</field>
                                              </block>
                                            </value>
                                            <next>
                                              <block type="controls_for" id="*:C2:mzt/ix$jxSK21K)">
                                                <field name="VAR" id="/?IHb-J,a3(PfaHUNY@r" variabletype="">j</field>
                                                <value name="FROM">
                                                  <block type="math_number" id="w8bC=kFa{M.?W).N^na0">
                                                    <field name="NUM">0</field>
                                                  </block>
                                                </value>
                                                <value name="TO">
                                                  <block type="math_number" id="`VD?#P%_DPw#0yYCKrir">
                                                    <field name="NUM">2</field>
                                                  </block>
                                                </value>
                                                <value name="BY">
                                                  <block type="math_number" id="XTZntpWtu.o|1MnZ@cNp">
                                                    <field name="NUM">1</field>
                                                  </block>
                                                </value>
                                                <statement name="DO">
                                                  <block type="set_pixel_color_rgb_de" id="iMJTe^.zpEK`|.cQ.n$G">
                                                    <field name="PIN">D3</field>
                                                    <value name="PXNUMBER">
                                                      <block type="variables_get" id="|:m74Wk7G`k;=m]Ezcnh">
                                                        <field name="VAR" id="/?IHb-J,a3(PfaHUNY@r" variabletype="">j</field>
                                                      </block>
                                                    </value>
                                                    <value name="RED">
                                                      <block type="math_number" id="[z@0g#el5BkN1fjxD^Ff">
                                                        <field name="NUM">150</field>
                                                      </block>
                                                    </value>
                                                    <value name="GREEN">
                                                      <block type="math_number" id="hOTqoZ#3(rL+,3|bo2Se">
                                                        <field name="NUM">0</field>
                                                      </block>
                                                    </value>
                                                    <value name="BLUE">
                                                      <block type="math_number" id="X6=?Ecae^_NA5c]]-9/S">
                                                        <field name="NUM">75</field>
                                                      </block>
                                                    </value>
                                                    <next>
                                                      <block type="neopixel_show_de" id="6jmoO2aVpJ8fl_8OHg[?">
                                                        <field name="PIN">D3</field>
                                                      </block>
                                                    </next>
                                                  </block>
                                                </statement>
                                                <next>
                                                  <block type="base_delay_de" id="GY6d9E$Y7xKCMyhF$O{s">
                                                    <value name="DELAY_TIME">
                                                      <block type="math_number" id="7E-XZEYitF/@xxyerXvb">
                                                        <field name="NUM">1000</field>
                                                      </block>
                                                    </value>
                                                  </block>
                                                </next>
                                              </block>
                                            </next>
                                          </block>
                                        </next>
                                      </block>
                                    </next>
                                  </block>
                                </next>
                              </block>
                            </next>
                          </block>
                        </next>
                      </block>
                    </statement>
                    <statement name="ELSE">
                      <block type="controls_for" id="~Y:0@.cker5KY37`rf,W">
                        <field name="VAR" id="/?IHb-J,a3(PfaHUNY@r" variabletype="">j</field>
                        <value name="FROM">
                          <block type="math_number" id="]a={+6,$fJpo`{_)1xU8">
                            <field name="NUM">0</field>
                          </block>
                        </value>
                        <value name="TO">
                          <block type="math_number" id="]4-^Wubo1^M)9}-RR/O]">
                            <field name="NUM">2</field>
                          </block>
                        </value>
                        <value name="BY">
                          <block type="math_number" id="fpbN]8)/~}?F@;}H)R*O">
                            <field name="NUM">1</field>
                          </block>
                        </value>
                        <statement name="DO">
                          <block type="set_pixel_color_rgb_de" id="^q1lpH4HQbjXbh*C]~(1">
                            <field name="PIN">D3</field>
                            <value name="PXNUMBER">
                              <block type="variables_get" id="||3fMg~r[MvKlmLr8dv%">
                                <field name="VAR" id="/?IHb-J,a3(PfaHUNY@r" variabletype="">j</field>
                              </block>
                            </value>
                            <value name="RED">
                              <block type="math_number" id="Kz$~._3m5QL3)gmmP2Nd">
                                <field name="NUM">0</field>
                              </block>
                            </value>
                            <value name="GREEN">
                              <block type="math_number" id="3Yqp8$bKumoovq#X$vAB">
                                <field name="NUM">254</field>
                              </block>
                            </value>
                            <value name="BLUE">
                              <block type="math_number" id="}M`%b1FTm|nN]_0j4Z]0">
                                <field name="NUM">0</field>
                              </block>
                            </value>
                            <next>
                              <block type="neopixel_show_de" id="1BBI]w:=X]:pS@]RIR-O">
                                <field name="PIN">D3</field>
                              </block>
                            </next>
                          </block>
                        </statement>
                        <next>
                          <block type="base_delay_de" id="w_O7~P*3z~?-tyF;U59Z">
                            <value name="DELAY_TIME">
                              <block type="math_number" id="6b2O-s_@z-u=(;Lts};e">
                                <field name="NUM">1000</field>
                              </block>
                            </value>
                            <next>
                              <block type="controls_for" id="QAl#JJ8[0N2]ayz+NVlC">
                                <field name="VAR" id="/?IHb-J,a3(PfaHUNY@r" variabletype="">j</field>
                                <value name="FROM">
                                  <block type="math_number" id="mf!O]x{SL`Loc!2%A@Tj">
                                    <field name="NUM">0</field>
                                  </block>
                                </value>
                                <value name="TO">
                                  <block type="math_number" id="-wn{!h*aH@D29o:h^Axk">
                                    <field name="NUM">2</field>
                                  </block>
                                </value>
                                <value name="BY">
                                  <block type="math_number" id="X)DXa3VCOSmEl_Y3joZ2">
                                    <field name="NUM">1</field>
                                  </block>
                                </value>
                                <statement name="DO">
                                  <block type="set_pixel_color_rgb_de" id="k7PXos51]oU?J{DJ,pE5">
                                    <field name="PIN">D3</field>
                                    <value name="PXNUMBER">
                                      <block type="variables_get" id="4P~gnUb0o2f~Y,BdfXSr">
                                        <field name="VAR" id="/?IHb-J,a3(PfaHUNY@r" variabletype="">j</field>
                                      </block>
                                    </value>
                                    <value name="RED">
                                      <block type="math_number" id="@V_Q5bf:7@4pY?OG$(m|">
                                        <field name="NUM">0</field>
                                      </block>
                                    </value>
                                    <value name="GREEN">
                                      <block type="math_number" id="n+|{Yn?#ZH/D{1xMnv#.">
                                        <field name="NUM">200</field>
                                      </block>
                                    </value>
                                    <value name="BLUE">
                                      <block type="math_number" id="*$;yZHC}laeVd=4M-0{]">
                                        <field name="NUM">25</field>
                                      </block>
                                    </value>
                                    <next>
                                      <block type="neopixel_show_de" id="3}!I(#Elk6a??/yhA8QS">
                                        <field name="PIN">D3</field>
                                      </block>
                                    </next>
                                  </block>
                                </statement>
                                <next>
                                  <block type="base_delay_de" id=",Wv)O9|+4?xe4%DwyzCD">
                                    <value name="DELAY_TIME">
                                      <block type="math_number" id="/oh.eK]?#=zd;z([~Tpv">
                                        <field name="NUM">1000</field>
                                      </block>
                                    </value>
                                    <next>
                                      <block type="controls_for" id="a)5WxOI)07*)%leVZInk">
                                        <field name="VAR" id="/?IHb-J,a3(PfaHUNY@r" variabletype="">j</field>
                                        <value name="FROM">
                                          <block type="math_number" id="6!mc;]S]BM66Kr*bVOFl">
                                            <field name="NUM">0</field>
                                          </block>
                                        </value>
                                        <value name="TO">
                                          <block type="math_number" id=",iTn{f-j6NYINfYFsAa8">
                                            <field name="NUM">2</field>
                                          </block>
                                        </value>
                                        <value name="BY">
                                          <block type="math_number" id="}f:qc):lmIz1QO#zborn">
                                            <field name="NUM">1</field>
                                          </block>
                                        </value>
                                        <statement name="DO">
                                          <block type="set_pixel_color_rgb_de" id="1AeK@=aGt-W^-1o]Nb`L">
                                            <field name="PIN">D3</field>
                                            <value name="PXNUMBER">
                                              <block type="variables_get" id="GRL-?k-$WT@]4SERAV}Y">
                                                <field name="VAR" id="/?IHb-J,a3(PfaHUNY@r" variabletype="">j</field>
                                              </block>
                                            </value>
                                            <value name="RED">
                                              <block type="math_number" id="IQ1aB(,`.sq-%I;mM_Z!">
                                                <field name="NUM">0</field>
                                              </block>
                                            </value>
                                            <value name="GREEN">
                                              <block type="math_number" id="-Pf0z.^7NT,oNRXW`^Nx">
                                                <field name="NUM">230</field>
                                              </block>
                                            </value>
                                            <value name="BLUE">
                                              <block type="math_number" id="rx1+P(LJ%h#~1n,4,Ppq">
                                                <field name="NUM">50</field>
                                              </block>
                                            </value>
                                            <next>
                                              <block type="neopixel_show_de" id="7Yl6Q,LM+4}_i#A;~t$q">
                                                <field name="PIN">D3</field>
                                              </block>
                                            </next>
                                          </block>
                                        </statement>
                                        <next>
                                          <block type="base_delay_de" id="=VuF6$yO#Xn{~6ca]EOm">
                                            <value name="DELAY_TIME">
                                              <block type="math_number" id="$^cD,jfsb,X5D(ELp0e2">
                                                <field name="NUM">1000</field>
                                              </block>
                                            </value>
                                            <next>
                                              <block type="controls_for" id="-3mT%5C8Ce)^2qpcy@Fc">
                                                <field name="VAR" id="/?IHb-J,a3(PfaHUNY@r" variabletype="">j</field>
                                                <value name="FROM">
                                                  <block type="math_number" id="VfJ;Wq%$SYhyZG.,@7zK">
                                                    <field name="NUM">0</field>
                                                  </block>
                                                </value>
                                                <value name="TO">
                                                  <block type="math_number" id="(c:sFiRNxG,W6ezVFu1I">
                                                    <field name="NUM">2</field>
                                                  </block>
                                                </value>
                                                <value name="BY">
                                                  <block type="math_number" id="9C2Ul(utX|e!s4FYpR(R">
                                                    <field name="NUM">1</field>
                                                  </block>
                                                </value>
                                                <statement name="DO">
                                                  <block type="set_pixel_color_rgb_de" id="L;p-0G6[*nainqWet264">
                                                    <field name="PIN">D3</field>
                                                    <value name="PXNUMBER">
                                                      <block type="variables_get" id="+$~XYF8[R2lxPx,h7tM3">
                                                        <field name="VAR" id="/?IHb-J,a3(PfaHUNY@r" variabletype="">j</field>
                                                      </block>
                                                    </value>
                                                    <value name="RED">
                                                      <block type="math_number" id="Da:UlPaBO?8~f*Kx_ct^">
                                                        <field name="NUM">0</field>
                                                      </block>
                                                    </value>
                                                    <value name="GREEN">
                                                      <block type="math_number" id="FjEASUMX.db[r`Bxg.mZ">
                                                        <field name="NUM">230</field>
                                                      </block>
                                                    </value>
                                                    <value name="BLUE">
                                                      <block type="math_number" id="djVeyHku|oTiDr*kQ|j1">
                                                        <field name="NUM">10</field>
                                                      </block>
                                                    </value>
                                                    <next>
                                                      <block type="neopixel_show_de" id="Q(lH@9E]{qBU]0vHEr5=">
                                                        <field name="PIN">D3</field>
                                                        <next>
                                                          <block type="base_delay_de" id="m]B:-PolJj{x2r@k*iUp">
                                                            <value name="DELAY_TIME">
                                                              <block type="math_number" id="=;t94zG5u0#lH0Nb-@+r">
                                                                <field name="NUM">1000</field>
                                                              </block>
                                                            </value>
                                                          </block>
                                                        </next>
                                                      </block>
                                                    </next>
                                                  </block>
                                                </statement>
                                              </block>
                                            </next>
                                          </block>
                                        </next>
                                      </block>
                                    </next>
                                  </block>
                                </next>
                              </block>
                            </next>
                          </block>
                        </next>
                      </block>
                    </statement>
                    <next>
                      <block type="base_delay_de" id="+s)+2fqvF:8oKD)U@pkK">
                        <value name="DELAY_TIME">
                          <block type="math_number" id="qDlK8nw]Hc21QvV9:ovu">
                            <field name="NUM">1000</field>
                          </block>
                        </value>
                      </block>
                    </next>
                  </block>
                </next>
              </block>
            </next>
          </block>
        </next>
      </block>
    </statement>
  </block>
</xml>