<xml xmlns="http://www.w3.org/1999/xhtml">
  <variables>
    <variable type="" id="#rY0,#l*s.FqOu8InGPi">wetter</variable>
    <variable type="" id="Btg(t.}Wlz1!;|ve]lDZ">i</variable>
    <variable type="" id="!Fh)5N$fo9)?CBY)sD70">j</variable>
    <variable type="" id="H1#0E?M5*c{/79)N3L7=">k</variable>
    <variable type="" id="|griQ~7Q0RANHVJjzacz">m</variable>
    <variable type="" id="Zl%H55ph*v{]+;)GOYuh">n</variable>
    <variable type="" id="=(OsyVv(^/8OI?F.e[A$">o</variable>
    <variable type="" id="JMfD2#/kSpgiX7$foefe">p</variable>
    <variable type="" id="=yh9y_IrC^)4]G9FyGnc">q</variable>
    <variable type="" id=")rPX[hXo)}E5)z-)*qU@">r</variable>
    <variable type="" id="~2pWPx4Tbl@#Cjx(75c8">s</variable>
  </variables>
  <block type="arduino_functions" id="JfU7mL!?K_ZYP.[{OG4q" x="269" y="-178">
    <statement name="SETUP_FUNC">
      <block type="connect_wifi" id="~(UT$vZYOTuZ);o{C^-+">
        <next>
          <block type="setup_neopixel_de" id="$,d9LIan[ch@@IFNwHz1">
            <field name="PIN">D1</field>
            <field name="TYPE1">NEO_GRB</field>
            <field name="TYPE2">NEO_KHZ800</field>
            <value name="LEDNUM">
              <block type="math_number" id="Fx74,#|y9nD2t$zF}%^d">
                <field name="NUM">24</field>
              </block>
            </value>
          </block>
        </next>
      </block>
    </statement>
    <statement name="LOOP_FUNC">
      <block type="base_delay_de" id="/v~2fNc||Z_^e4p%brjk">
        <value name="DELAY_TIME">
          <block type="math_number" id="I-/v@b0N0x$N|*64~WVq">
            <field name="NUM">5000</field>
          </block>
        </value>
        <next>
          <block type="variables_set" id="U,.LzPkl_[(|d_?k*yE*">
            <field name="VAR" id="#rY0,#l*s.FqOu8InGPi" variabletype="">wetter</field>
            <value name="VALUE">
              <block type="getcurrentWeathercondition" id="4Byw`y%fW(|a1/VvwFhB">
                <field name="WEATHER">Condition</field>
              </block>
            </value>
            <next>
              <block type="serial_print_de" id="$j:)v${b~pn)+{FyB=0H">
                <value name="CONTENT">
                  <block type="variables_get" id="tld_$a[YG.or*x-0sgP$">
                    <field name="VAR" id="#rY0,#l*s.FqOu8InGPi" variabletype="">wetter</field>
                  </block>
                </value>
                <next>
                  <block type="controls_if" id=";sf{+=)eJ^ZXN{{=f3-s">
                    <value name="IF0">
                      <block type="logic_compare" id="AdO}Zc5XC1?3u$:m-Fzf">
                        <field name="OP">EQ</field>
                        <value name="A">
                          <block type="variables_get" id="e+[.Iihe}`pA-v@B$5-0">
                            <field name="VAR" id="#rY0,#l*s.FqOu8InGPi" variabletype="">wetter</field>
                          </block>
                        </value>
                        <value name="B">
                          <block type="math_number" id="46Ae=#tG@BClriLL)k7:">
                            <field name="NUM">2</field>
                          </block>
                        </value>
                      </block>
                    </value>
                    <statement name="DO0">
                      <block type="controls_repeat_ext" id="z[B7j3l**TS!jBw#35Rf">
                        <value name="TIMES">
                          <block type="math_number" id="yIJWW}aN$d=}T#4H.H~G">
                            <field name="NUM">10</field>
                          </block>
                        </value>
                        <statement name="DO">
                          <block type="controls_for" id="d[Kw42OL8GT9ijsOuIl4">
                            <field name="VAR" id="Btg(t.}Wlz1!;|ve]lDZ" variabletype="">i</field>
                            <value name="FROM">
                              <block type="math_number" id="!GvU}Dh!@1CuYEvax~qB">
                                <field name="NUM">0</field>
                              </block>
                            </value>
                            <value name="TO">
                              <block type="math_number" id="L0J)7?,AukZ4YSk=VM#{">
                                <field name="NUM">23</field>
                              </block>
                            </value>
                            <value name="BY">
                              <block type="math_number" id="8~S`{KQr##AO*;zAeI8_">
                                <field name="NUM">1</field>
                              </block>
                            </value>
                            <statement name="DO">
                              <block type="set_pixel_color_rgb_de" id="9cC1RDe9QjJ~Lg^!v2PQ">
                                <field name="PIN">D1</field>
                                <value name="PXNUMBER">
                                  <block type="variables_get" id="YY-HDRv@1C7_~j9hG8Je">
                                    <field name="VAR" id="Btg(t.}Wlz1!;|ve]lDZ" variabletype="">i</field>
                                  </block>
                                </value>
                                <value name="RED">
                                  <block type="math_number" id="KicDS9n/MbSXeS0D;k-9">
                                    <field name="NUM">250</field>
                                  </block>
                                </value>
                                <value name="GREEN">
                                  <block type="math_number" id="XA$R%!$w*LP7;]p]2nJ$">
                                    <field name="NUM">0</field>
                                  </block>
                                </value>
                                <value name="BLUE">
                                  <block type="math_number" id="X,3;]},$/t5R%$)wNd_,">
                                    <field name="NUM">0</field>
                                  </block>
                                </value>
                                <next>
                                  <block type="neopixel_show_de" id="#!@1NMoE_sw3$@*0b|SU">
                                    <field name="PIN">D1</field>
                                    <next>
                                      <block type="base_delay_de" id="y{.ecFL2h!*)7VMZ(7-J">
                                        <value name="DELAY_TIME">
                                          <block type="math_number" id="`Hob1z~{dw8aN#BertiN">
                                            <field name="NUM">200</field>
                                          </block>
                                        </value>
                                      </block>
                                    </next>
                                  </block>
                                </next>
                              </block>
                            </statement>
                            <next>
                              <block type="controls_for" id="]pQ#+Iua8H_U2X.~?R9D">
                                <field name="VAR" id="Btg(t.}Wlz1!;|ve]lDZ" variabletype="">i</field>
                                <value name="FROM">
                                  <block type="math_number" id="?qnEY*nvL_~@L2qs.%4L">
                                    <field name="NUM">0</field>
                                  </block>
                                </value>
                                <value name="TO">
                                  <block type="math_number" id="6X~maAYQFKq-=m,|YuQ%">
                                    <field name="NUM">23</field>
                                  </block>
                                </value>
                                <value name="BY">
                                  <block type="math_number" id="pv%-FCg]zuAh).9|myS@">
                                    <field name="NUM">1</field>
                                  </block>
                                </value>
                                <statement name="DO">
                                  <block type="set_pixel_color_rgb_de" id="G$_Tsk_vCfUzoCRVoUZ#">
                                    <field name="PIN">D1</field>
                                    <value name="PXNUMBER">
                                      <block type="variables_get" id=";*LWRM^1l=4JdR4=;MD(">
                                        <field name="VAR" id="Btg(t.}Wlz1!;|ve]lDZ" variabletype="">i</field>
                                      </block>
                                    </value>
                                    <value name="RED">
                                      <block type="math_number" id="+F8cE~^K)pKLkC9oH)@*">
                                        <field name="NUM">250</field>
                                      </block>
                                    </value>
                                    <value name="GREEN">
                                      <block type="math_number" id=".^Tr0cF/!rKbIh,akxC:">
                                        <field name="NUM">0</field>
                                      </block>
                                    </value>
                                    <value name="BLUE">
                                      <block type="math_number" id="EDJdf|bZ,y@`Zei{Z*o`">
                                        <field name="NUM">0</field>
                                      </block>
                                    </value>
                                    <next>
                                      <block type="neopixel_show_de" id="U;Vb8O!s-G|eR=flnEKB">
                                        <field name="PIN">D1</field>
                                        <next>
                                          <block type="base_delay_de" id="^nlGGZrUstMrRzVZ=if^">
                                            <value name="DELAY_TIME">
                                              <block type="math_number" id="6JDN4^B4`F1rW]v]ozB)">
                                                <field name="NUM">200</field>
                                              </block>
                                            </value>
                                          </block>
                                        </next>
                                      </block>
                                    </next>
                                  </block>
                                </statement>
                              </block>
                            </next>
                          </block>
                        </statement>
                      </block>
                    </statement>
                    <next>
                      <block type="controls_if" id="/~)5^SHjp#v*,GUkLsjv">
                        <value name="IF0">
                          <block type="logic_compare" id="$nuoW]ve_KrrjYpfN1sX">
                            <field name="OP">EQ</field>
                            <value name="A">
                              <block type="variables_get" id="/!H43O(O,E*VN|a1Y_Xo">
                                <field name="VAR" id="#rY0,#l*s.FqOu8InGPi" variabletype="">wetter</field>
                              </block>
                            </value>
                            <value name="B">
                              <block type="math_number" id="@5).=5-`sM]uDv+:cMHY">
                                <field name="NUM">3</field>
                              </block>
                            </value>
                          </block>
                        </value>
                        <statement name="DO0">
                          <block type="controls_repeat_ext" id="sQs|pNEX=uH:WX9}fHog">
                            <value name="TIMES">
                              <block type="math_number" id="UTq.GUvwPy#^KsnEY,J[">
                                <field name="NUM">10</field>
                              </block>
                            </value>
                            <statement name="DO">
                              <block type="controls_for" id="gD%1@8]FN88LH}T#,TW{">
                                <field name="VAR" id="Btg(t.}Wlz1!;|ve]lDZ" variabletype="">i</field>
                                <value name="FROM">
                                  <block type="math_number" id="yLReV9m3|3qqF!0Z3s;5">
                                    <field name="NUM">0</field>
                                  </block>
                                </value>
                                <value name="TO">
                                  <block type="math_number" id="FLNr^KFPBcC[_Qg?B,Re">
                                    <field name="NUM">23</field>
                                  </block>
                                </value>
                                <value name="BY">
                                  <block type="math_number" id="%XkEypb2Yn{rwjQ6VsUO">
                                    <field name="NUM">1</field>
                                  </block>
                                </value>
                                <statement name="DO">
                                  <block type="set_pixel_color_rgb_de" id="$~f2L6KaTg[6g$bC)#d5">
                                    <field name="PIN">D1</field>
                                    <value name="PXNUMBER">
                                      <block type="variables_get" id="l+6bW3=Ay5,$o,hJyH=5">
                                        <field name="VAR" id="Btg(t.}Wlz1!;|ve]lDZ" variabletype="">i</field>
                                      </block>
                                    </value>
                                    <value name="RED">
                                      <block type="math_number" id="`ut*,C%Mqid^9atffkiz">
                                        <field name="NUM">3</field>
                                      </block>
                                    </value>
                                    <value name="GREEN">
                                      <block type="math_number" id="}aDxpz2p4M|_l-Uum@Q0">
                                        <field name="NUM">17</field>
                                      </block>
                                    </value>
                                    <value name="BLUE">
                                      <block type="math_number" id="W0w}iu@8H#YvI%P0[lW9">
                                        <field name="NUM">77</field>
                                      </block>
                                    </value>
                                    <next>
                                      <block type="neopixel_show_de" id="##FdvTK8FE~m%A7NCTgs">
                                        <field name="PIN">D1</field>
                                        <next>
                                          <block type="base_delay_de" id="]aPJM+WD*3fZ6H~2bX,0">
                                            <value name="DELAY_TIME">
                                              <block type="math_number" id="V)|F6pgSATIC?obO13-8">
                                                <field name="NUM">200</field>
                                              </block>
                                            </value>
                                          </block>
                                        </next>
                                      </block>
                                    </next>
                                  </block>
                                </statement>
                                <next>
                                  <block type="controls_for" id="rissktsiF,L:Bsuq2qkC">
                                    <field name="VAR" id="Btg(t.}Wlz1!;|ve]lDZ" variabletype="">i</field>
                                    <value name="FROM">
                                      <block type="math_number" id="LKXZ%^z$CO^n]CCQ:f8(">
                                        <field name="NUM">0</field>
                                      </block>
                                    </value>
                                    <value name="TO">
                                      <block type="math_number" id="-gyJW@VB^[9H!6De[5B/">
                                        <field name="NUM">23</field>
                                      </block>
                                    </value>
                                    <value name="BY">
                                      <block type="math_number" id="hjek_uj^AVF+l)1nb.c}">
                                        <field name="NUM">1</field>
                                      </block>
                                    </value>
                                    <statement name="DO">
                                      <block type="set_pixel_color_rgb_de" id="9Mr;4l`#F:(2@%o{NYlk">
                                        <field name="PIN">D1</field>
                                        <value name="PXNUMBER">
                                          <block type="variables_get" id=")!.8UR4?1v=*!Pi]?}vF">
                                            <field name="VAR" id="Btg(t.}Wlz1!;|ve]lDZ" variabletype="">i</field>
                                          </block>
                                        </value>
                                        <value name="RED">
                                          <block type="math_number" id="-NCvdy.,.v%-VN.@O~:R">
                                            <field name="NUM">3</field>
                                          </block>
                                        </value>
                                        <value name="GREEN">
                                          <block type="math_number" id="NAp$ida~It%4M9`0bDcQ">
                                            <field name="NUM">17</field>
                                          </block>
                                        </value>
                                        <value name="BLUE">
                                          <block type="math_number" id="g}C](2f)/wJl$.iw78+p">
                                            <field name="NUM">77</field>
                                          </block>
                                        </value>
                                        <next>
                                          <block type="neopixel_show_de" id="SMGIY{D_L:m@vaSjDhHJ">
                                            <field name="PIN">D1</field>
                                            <next>
                                              <block type="base_delay_de" id="fV]]P/ry4[7brKBN4!xn">
                                                <value name="DELAY_TIME">
                                                  <block type="math_number" id=")J+:A:*CIK0Nq4xKgEOb">
                                                    <field name="NUM">200</field>
                                                  </block>
                                                </value>
                                              </block>
                                            </next>
                                          </block>
                                        </next>
                                      </block>
                                    </statement>
                                  </block>
                                </next>
                              </block>
                            </statement>
                          </block>
                        </statement>
                        <next>
                          <block type="controls_if" id="gMT@)H@l/qXoS4x*1zZl">
                            <value name="IF0">
                              <block type="logic_compare" id=")2DhsD5jQMiDEb9~AM6z">
                                <field name="OP">EQ</field>
                                <value name="A">
                                  <block type="variables_get" id=".P:__^O^3O-4ewyY*4R#">
                                    <field name="VAR" id="#rY0,#l*s.FqOu8InGPi" variabletype="">wetter</field>
                                  </block>
                                </value>
                                <value name="B">
                                  <block type="math_number" id="ZHGlm?*f,V{xbaoY08;c">
                                    <field name="NUM">5</field>
                                  </block>
                                </value>
                              </block>
                            </value>
                            <statement name="DO0">
                              <block type="controls_repeat_ext" id=":+N4V4NwB+WuH:j^bN1h">
                                <value name="TIMES">
                                  <block type="math_number" id="^jYij~FO8F+JM~7[qGb#">
                                    <field name="NUM">10</field>
                                  </block>
                                </value>
                                <statement name="DO">
                                  <block type="controls_for" id="W0FMFU$JWsuSRs+Zy^db">
                                    <field name="VAR" id="Btg(t.}Wlz1!;|ve]lDZ" variabletype="">i</field>
                                    <value name="FROM">
                                      <block type="math_number" id="/yT.v+wnT/Ucxx]mj^I$">
                                        <field name="NUM">0</field>
                                      </block>
                                    </value>
                                    <value name="TO">
                                      <block type="math_number" id="-U,`fG`TGquL[5W;F67n">
                                        <field name="NUM">23</field>
                                      </block>
                                    </value>
                                    <value name="BY">
                                      <block type="math_number" id="kfWeyLX}./PCZ/?BA}gK">
                                        <field name="NUM">1</field>
                                      </block>
                                    </value>
                                    <statement name="DO">
                                      <block type="set_pixel_color_rgb_de" id="o9!CHK]i31,ZT7fxum|.">
                                        <field name="PIN">D1</field>
                                        <value name="PXNUMBER">
                                          <block type="variables_get" id="AP5}{{SQVCH!!dS[bf-Y">
                                            <field name="VAR" id="Btg(t.}Wlz1!;|ve]lDZ" variabletype="">i</field>
                                          </block>
                                        </value>
                                        <value name="RED">
                                          <block type="math_number" id="5Z^}i[x{#*!H4R+[0gD#">
                                            <field name="NUM">240</field>
                                          </block>
                                        </value>
                                        <value name="GREEN">
                                          <block type="math_number" id="@#~(?:Jc%`_it$7F=rjt">
                                            <field name="NUM">45</field>
                                          </block>
                                        </value>
                                        <value name="BLUE">
                                          <block type="math_number" id="@dL2`[pL4jA[??eyc`bz">
                                            <field name="NUM">0</field>
                                          </block>
                                        </value>
                                        <next>
                                          <block type="neopixel_show_de" id="{PR%fM6,zLQb(XoIFM!t">
                                            <field name="PIN">D1</field>
                                            <next>
                                              <block type="base_delay_de" id=";^=V9G7y.qI+z=KO/IE:">
                                                <value name="DELAY_TIME">
                                                  <block type="math_number" id="VA,QPe3|5YFyrE(:D}r^">
                                                    <field name="NUM">200</field>
                                                  </block>
                                                </value>
                                              </block>
                                            </next>
                                          </block>
                                        </next>
                                      </block>
                                    </statement>
                                    <next>
                                      <block type="controls_for" id="D#Zx|Y?IPp:_09%;uBYZ">
                                        <field name="VAR" id="Btg(t.}Wlz1!;|ve]lDZ" variabletype="">i</field>
                                        <value name="FROM">
                                          <block type="math_number" id="A=$9+0%O^U/mUlBCFJfz">
                                            <field name="NUM">0</field>
                                          </block>
                                        </value>
                                        <value name="TO">
                                          <block type="math_number" id="pA2}z=r)7f5%8yOzx@/s">
                                            <field name="NUM">23</field>
                                          </block>
                                        </value>
                                        <value name="BY">
                                          <block type="math_number" id="zW^lTH/$wlFShcOa0|=d">
                                            <field name="NUM">1</field>
                                          </block>
                                        </value>
                                        <statement name="DO">
                                          <block type="set_pixel_color_rgb_de" id="68tvl)lY9b;:6?z5uK*u">
                                            <field name="PIN">D1</field>
                                            <value name="PXNUMBER">
                                              <block type="variables_get" id="2ZD/0!28h3I%/O@fTHNS">
                                                <field name="VAR" id="Btg(t.}Wlz1!;|ve]lDZ" variabletype="">i</field>
                                              </block>
                                            </value>
                                            <value name="RED">
                                              <block type="math_number" id="DA3J~0fUGC?4=tm3S}It">
                                                <field name="NUM">240</field>
                                              </block>
                                            </value>
                                            <value name="GREEN">
                                              <block type="math_number" id="XuB:~xt_C1%}jXJIy4:A">
                                                <field name="NUM">45</field>
                                              </block>
                                            </value>
                                            <value name="BLUE">
                                              <block type="math_number" id="qwcY@O-Dl,TF[R4+bX9N">
                                                <field name="NUM">0</field>
                                              </block>
                                            </value>
                                            <next>
                                              <block type="neopixel_show_de" id="RjL35zSK3UiQel`sAJ1K">
                                                <field name="PIN">D1</field>
                                                <next>
                                                  <block type="base_delay_de" id="8/6}cRx,Y~u6[fuu@Ct?">
                                                    <value name="DELAY_TIME">
                                                      <block type="math_number" id="JSXvr6EL?h_pI{|^96.h">
                                                        <field name="NUM">200</field>
                                                      </block>
                                                    </value>
                                                  </block>
                                                </next>
                                              </block>
                                            </next>
                                          </block>
                                        </statement>
                                      </block>
                                    </next>
                                  </block>
                                </statement>
                              </block>
                            </statement>
                            <next>
                              <block type="controls_if" id="T8oJu[/zIssY)/mzAFxN">
                                <value name="IF0">
                                  <block type="logic_compare" id="#]6cIa6s#0J6T$aiR02u">
                                    <field name="OP">EQ</field>
                                    <value name="A">
                                      <block type="variables_get" id="ykoC/v|[4@X`^B6;K#J6">
                                        <field name="VAR" id="#rY0,#l*s.FqOu8InGPi" variabletype="">wetter</field>
                                      </block>
                                    </value>
                                    <value name="B">
                                      <block type="math_number" id="#r3?}%}WaS+45T=:sgRv">
                                        <field name="NUM">6</field>
                                      </block>
                                    </value>
                                  </block>
                                </value>
                                <statement name="DO0">
                                  <block type="controls_repeat_ext" id="VqibB1PnB+fl:+ExFc=~">
                                    <value name="TIMES">
                                      <block type="math_number" id="?+s0ke`qFcsWu+}Kx4gB">
                                        <field name="NUM">10</field>
                                      </block>
                                    </value>
                                    <statement name="DO">
                                      <block type="controls_for" id="NUW/j$NX:gKi:r%OdK8U">
                                        <field name="VAR" id="Btg(t.}Wlz1!;|ve]lDZ" variabletype="">i</field>
                                        <value name="FROM">
                                          <block type="math_number" id="IBmWqn0,sV+p%RB9d3wI">
                                            <field name="NUM">0</field>
                                          </block>
                                        </value>
                                        <value name="TO">
                                          <block type="math_number" id="?)mvsW:C-su]P*G.Oouk">
                                            <field name="NUM">23</field>
                                          </block>
                                        </value>
                                        <value name="BY">
                                          <block type="math_number" id="T-O[(NKLRs^1Y{.(1pW=">
                                            <field name="NUM">1</field>
                                          </block>
                                        </value>
                                        <statement name="DO">
                                          <block type="set_pixel_color_rgb_de" id=")LSZRZ;=}5l^xYy%fLeo">
                                            <field name="PIN">D1</field>
                                            <value name="PXNUMBER">
                                              <block type="variables_get" id="Ni_ILPmd7q)I5ztQ+X]L">
                                                <field name="VAR" id="Btg(t.}Wlz1!;|ve]lDZ" variabletype="">i</field>
                                              </block>
                                            </value>
                                            <value name="RED">
                                              <block type="math_number" id="@|,^7/rDN!2r4Xy!Xf??">
                                                <field name="NUM">255</field>
                                              </block>
                                            </value>
                                            <value name="GREEN">
                                              <block type="math_number" id="O2M^,i$awx`D2p9[8ab#">
                                                <field name="NUM">255</field>
                                              </block>
                                            </value>
                                            <value name="BLUE">
                                              <block type="math_number" id="iM~Xve$DJ;[y6x/Th07s">
                                                <field name="NUM">255</field>
                                              </block>
                                            </value>
                                            <next>
                                              <block type="neopixel_show_de" id="O`G_rIJ7Kk9/*e`99:$#">
                                                <field name="PIN">D1</field>
                                                <next>
                                                  <block type="base_delay_de" id="mw1HC4W@OW*3-d3gK@4%">
                                                    <value name="DELAY_TIME">
                                                      <block type="math_number" id="B7{t{^i{0Vf32WF{dYq|">
                                                        <field name="NUM">200</field>
                                                      </block>
                                                    </value>
                                                  </block>
                                                </next>
                                              </block>
                                            </next>
                                          </block>
                                        </statement>
                                        <next>
                                          <block type="controls_for" id="G@4[^T},q97SP^cGH:q0">
                                            <field name="VAR" id="Btg(t.}Wlz1!;|ve]lDZ" variabletype="">i</field>
                                            <value name="FROM">
                                              <block type="math_number" id="l5EN-/DT7JNP9qP};DjU">
                                                <field name="NUM">0</field>
                                              </block>
                                            </value>
                                            <value name="TO">
                                              <block type="math_number" id="9r~{*8KK1k)qh47]NDJc">
                                                <field name="NUM">23</field>
                                              </block>
                                            </value>
                                            <value name="BY">
                                              <block type="math_number" id="T0Tx`Du}aqx`kzX%[3~U">
                                                <field name="NUM">1</field>
                                              </block>
                                            </value>
                                            <statement name="DO">
                                              <block type="set_pixel_color_rgb_de" id="KHFDSG,4mGXj[Z?,TrLp">
                                                <field name="PIN">D1</field>
                                                <value name="PXNUMBER">
                                                  <block type="variables_get" id="-A,GLyz$2R/-J3y:C=kU">
                                                    <field name="VAR" id="Btg(t.}Wlz1!;|ve]lDZ" variabletype="">i</field>
                                                  </block>
                                                </value>
                                                <value name="RED">
                                                  <block type="math_number" id="iEQ(kd/Faf]`@D],bWz-">
                                                    <field name="NUM">255</field>
                                                  </block>
                                                </value>
                                                <value name="GREEN">
                                                  <block type="math_number" id=",Z:ovm10.8R4jHT?Po(/">
                                                    <field name="NUM">255</field>
                                                  </block>
                                                </value>
                                                <value name="BLUE">
                                                  <block type="math_number" id="l1Y+nBS%r.Kw4X74!60.">
                                                    <field name="NUM">255</field>
                                                  </block>
                                                </value>
                                                <next>
                                                  <block type="neopixel_show_de" id="|gC^g}-GQ/YuF{39-~3K">
                                                    <field name="PIN">D1</field>
                                                    <next>
                                                      <block type="base_delay_de" id="TKQVY^jeL1k4#J2BbGzB">
                                                        <value name="DELAY_TIME">
                                                          <block type="math_number" id="t``-z:*fA@^mwf6lWs3S">
                                                            <field name="NUM">200</field>
                                                          </block>
                                                        </value>
                                                      </block>
                                                    </next>
                                                  </block>
                                                </next>
                                              </block>
                                            </statement>
                                          </block>
                                        </next>
                                      </block>
                                    </statement>
                                  </block>
                                </statement>
                                <next>
                                  <block type="controls_if" id="Fkq.@^}5h+9N2t,Vi{$|">
                                    <value name="IF0">
                                      <block type="logic_compare" id="tDG~r11!ZX()$ClyB*ro">
                                        <field name="OP">EQ</field>
                                        <value name="A">
                                          <block type="variables_get" id="t62UV}:h;`tX!)x9x6fa">
                                            <field name="VAR" id="#rY0,#l*s.FqOu8InGPi" variabletype="">wetter</field>
                                          </block>
                                        </value>
                                        <value name="B">
                                          <block type="math_number" id="3hIoWrk}+wIVGcAcQX~|">
                                            <field name="NUM">7</field>
                                          </block>
                                        </value>
                                      </block>
                                    </value>
                                    <statement name="DO0">
                                      <block type="controls_repeat_ext" id="8-JWYc7M5+G]4{Q~YTgB">
                                        <value name="TIMES">
                                          <block type="math_number" id="tyZN*Q8pnPY|uiN3?[-u">
                                            <field name="NUM">10</field>
                                          </block>
                                        </value>
                                        <statement name="DO">
                                          <block type="controls_for" id="302FpG*xGfuPbHjeW[_h">
                                            <field name="VAR" id="Btg(t.}Wlz1!;|ve]lDZ" variabletype="">i</field>
                                            <value name="FROM">
                                              <block type="math_number" id="q.:G|f|ipC0)a0;Wi}4f">
                                                <field name="NUM">0</field>
                                              </block>
                                            </value>
                                            <value name="TO">
                                              <block type="math_number" id="[R~84X6tEm03Dff]fBDQ">
                                                <field name="NUM">23</field>
                                              </block>
                                            </value>
                                            <value name="BY">
                                              <block type="math_number" id="L3L2*_43(zg+L1re-g_*">
                                                <field name="NUM">1</field>
                                              </block>
                                            </value>
                                            <statement name="DO">
                                              <block type="set_pixel_color_rgb_de" id="qXz_R?xFPe0uYzH$4M_P">
                                                <field name="PIN">D1</field>
                                                <value name="PXNUMBER">
                                                  <block type="variables_get" id="+EGkiMqo.eW.{e=p3$?,">
                                                    <field name="VAR" id="Btg(t.}Wlz1!;|ve]lDZ" variabletype="">i</field>
                                                  </block>
                                                </value>
                                                <value name="RED">
                                                  <block type="math_number" id="g}^`oyd8fG}bYXF~={^3">
                                                    <field name="NUM">119</field>
                                                  </block>
                                                </value>
                                                <value name="GREEN">
                                                  <block type="math_number" id="T%m=(ctI?R0m@yLn+at6">
                                                    <field name="NUM">4</field>
                                                  </block>
                                                </value>
                                                <value name="BLUE">
                                                  <block type="math_number" id=",VU{7|~xh$byb~lW1Qmr">
                                                    <field name="NUM">196</field>
                                                  </block>
                                                </value>
                                                <next>
                                                  <block type="neopixel_show_de" id="U7e#J{lQs0n-)@Ph;@Ku">
                                                    <field name="PIN">D1</field>
                                                    <next>
                                                      <block type="base_delay_de" id="/I6-Ze}Ggkzz/7AR;~o3">
                                                        <value name="DELAY_TIME">
                                                          <block type="math_number" id="AvqTo0oH-x?Y9(,f=mYR">
                                                            <field name="NUM">200</field>
                                                          </block>
                                                        </value>
                                                      </block>
                                                    </next>
                                                  </block>
                                                </next>
                                              </block>
                                            </statement>
                                            <next>
                                              <block type="controls_for" id="ez~X$iEWxuAhC.9N;Rdx">
                                                <field name="VAR" id="Btg(t.}Wlz1!;|ve]lDZ" variabletype="">i</field>
                                                <value name="FROM">
                                                  <block type="math_number" id="76h:QjZR}jEMdZT:872?">
                                                    <field name="NUM">0</field>
                                                  </block>
                                                </value>
                                                <value name="TO">
                                                  <block type="math_number" id="khZsS59(2c:,#{y[l/3`">
                                                    <field name="NUM">23</field>
                                                  </block>
                                                </value>
                                                <value name="BY">
                                                  <block type="math_number" id="gt##[S9zi#Aun|cOn{`B">
                                                    <field name="NUM">1</field>
                                                  </block>
                                                </value>
                                                <statement name="DO">
                                                  <block type="set_pixel_color_rgb_de" id="PeW$$[M@v0=4frJPXMN`">
                                                    <field name="PIN">D1</field>
                                                    <value name="PXNUMBER">
                                                      <block type="variables_get" id="C`*0ByMAnhEwfk2OgV8s">
                                                        <field name="VAR" id="Btg(t.}Wlz1!;|ve]lDZ" variabletype="">i</field>
                                                      </block>
                                                    </value>
                                                    <value name="RED">
                                                      <block type="math_number" id="/|ykrO{|Y#=6Aq3yl78G">
                                                        <field name="NUM">119</field>
                                                      </block>
                                                    </value>
                                                    <value name="GREEN">
                                                      <block type="math_number" id="%9O^Jo3F;V3:-T56fM!x">
                                                        <field name="NUM">4</field>
                                                      </block>
                                                    </value>
                                                    <value name="BLUE">
                                                      <block type="math_number" id="rGcFhZU*tB~v`F}nOPhO">
                                                        <field name="NUM">196</field>
                                                      </block>
                                                    </value>
                                                    <next>
                                                      <block type="neopixel_show_de" id="w4OzMGZ5,osVdn|.rcGr">
                                                        <field name="PIN">D1</field>
                                                        <next>
                                                          <block type="base_delay_de" id="OJy51J@;Fe?jpy:W+mJz">
                                                            <value name="DELAY_TIME">
                                                              <block type="math_number" id="C]3^}qG0VHwD@Gxgg5v7">
                                                                <field name="NUM">200</field>
                                                              </block>
                                                            </value>
                                                          </block>
                                                        </next>
                                                      </block>
                                                    </next>
                                                  </block>
                                                </statement>
                                              </block>
                                            </next>
                                          </block>
                                        </statement>
                                      </block>
                                    </statement>
                                    <next>
                                      <block type="controls_if" id="{Is3^AL{S^z%|w+UQ;Nx">
                                        <value name="IF0">
                                          <block type="logic_compare" id="nLI.P*!pSl/M)3(IQ,E2">
                                            <field name="OP">EQ</field>
                                            <value name="A">
                                              <block type="variables_get" id="-RNINmGp]E!*tj5?LzCW">
                                                <field name="VAR" id="#rY0,#l*s.FqOu8InGPi" variabletype="">wetter</field>
                                              </block>
                                            </value>
                                            <value name="B">
                                              <block type="math_number" id="sfyNZ;wWvGBHytJt:n;8">
                                                <field name="NUM">8</field>
                                              </block>
                                            </value>
                                          </block>
                                        </value>
                                        <statement name="DO0">
                                          <block type="controls_repeat_ext" id="xkO?O?XGDF%=!=~u*^s^">
                                            <value name="TIMES">
                                              <block type="math_number" id="b%MI|^_b-8K}045_--59">
                                                <field name="NUM">10</field>
                                              </block>
                                            </value>
                                            <statement name="DO">
                                              <block type="controls_for" id="ob2i3+Us=P;Rh%~u=Ojf">
                                                <field name="VAR" id="Btg(t.}Wlz1!;|ve]lDZ" variabletype="">i</field>
                                                <value name="FROM">
                                                  <block type="math_number" id="8OBk3SsR|;,3=`XXr2W2">
                                                    <field name="NUM">0</field>
                                                  </block>
                                                </value>
                                                <value name="TO">
                                                  <block type="math_number" id="F;0_?g4KqSUDCW/,Jio3">
                                                    <field name="NUM">23</field>
                                                  </block>
                                                </value>
                                                <value name="BY">
                                                  <block type="math_number" id="?t(8NGPT$v*^Gq#?SSbF">
                                                    <field name="NUM">1</field>
                                                  </block>
                                                </value>
                                                <statement name="DO">
                                                  <block type="set_pixel_color_rgb_de" id="VAXtuwB|GTA$(i#y/8KU">
                                                    <field name="PIN">D1</field>
                                                    <value name="PXNUMBER">
                                                      <block type="variables_get" id="+1m=Jt-R)rB0rRag+r9E">
                                                        <field name="VAR" id="Btg(t.}Wlz1!;|ve]lDZ" variabletype="">i</field>
                                                      </block>
                                                    </value>
                                                    <value name="RED">
                                                      <block type="math_number" id="zKi?#H+h9Mpg0S+z6L)^">
                                                        <field name="NUM">154</field>
                                                      </block>
                                                    </value>
                                                    <value name="GREEN">
                                                      <block type="math_number" id="5NPg=:paM[,y|N3BG~o]">
                                                        <field name="NUM">246</field>
                                                      </block>
                                                    </value>
                                                    <value name="BLUE">
                                                      <block type="math_number" id="y{X],LCO5+kb?nsySdA@">
                                                        <field name="NUM">62</field>
                                                      </block>
                                                    </value>
                                                    <next>
                                                      <block type="neopixel_show_de" id="4RLe({sHdN+U01:KB7sc">
                                                        <field name="PIN">D1</field>
                                                        <next>
                                                          <block type="base_delay_de" id="[#0.W}ZW~QpI=,Hlg}^=">
                                                            <value name="DELAY_TIME">
                                                              <block type="math_number" id="3mwj*_jg?Sm]DRX2.AF9">
                                                                <field name="NUM">200</field>
                                                              </block>
                                                            </value>
                                                          </block>
                                                        </next>
                                                      </block>
                                                    </next>
                                                  </block>
                                                </statement>
                                                <next>
                                                  <block type="controls_for" id=";K-z*k@C%lNpL9St.=#Y">
                                                    <field name="VAR" id="Btg(t.}Wlz1!;|ve]lDZ" variabletype="">i</field>
                                                    <value name="FROM">
                                                      <block type="math_number" id="ZW}3C|f=+wa|lDjcYi4h">
                                                        <field name="NUM">0</field>
                                                      </block>
                                                    </value>
                                                    <value name="TO">
                                                      <block type="math_number" id="RA)aB!Fh(p8K{(Y];@se">
                                                        <field name="NUM">23</field>
                                                      </block>
                                                    </value>
                                                    <value name="BY">
                                                      <block type="math_number" id="B{_h@:^9|Yb,oZrBu*dd">
                                                        <field name="NUM">1</field>
                                                      </block>
                                                    </value>
                                                    <statement name="DO">
                                                      <block type="set_pixel_color_rgb_de" id="2P1WqybiN^H8g@yU{;hC">
                                                        <field name="PIN">D1</field>
                                                        <value name="PXNUMBER">
                                                          <block type="variables_get" id="fjbsIg3(rcR(T2=y3G0}">
                                                            <field name="VAR" id="Btg(t.}Wlz1!;|ve]lDZ" variabletype="">i</field>
                                                          </block>
                                                        </value>
                                                        <value name="RED">
                                                          <block type="math_number" id="Ad*r)PC]0!CLIma9iFR-">
                                                            <field name="NUM">154</field>
                                                          </block>
                                                        </value>
                                                        <value name="GREEN">
                                                          <block type="math_number" id="wI0yi4Mr]gZh;rJ(]/w4">
                                                            <field name="NUM">246</field>
                                                          </block>
                                                        </value>
                                                        <value name="BLUE">
                                                          <block type="math_number" id="qiT5SUP(2h3[~eN{GnCr">
                                                            <field name="NUM">62</field>
                                                          </block>
                                                        </value>
                                                        <next>
                                                          <block type="neopixel_show_de" id="49cKcBCMG3VX*HLS4V]q">
                                                            <field name="PIN">D1</field>
                                                            <next>
                                                              <block type="base_delay_de" id="E}KL`}by^or!,CKl9s?7">
                                                                <value name="DELAY_TIME">
                                                                  <block type="math_number" id="BL-/Eu#~.d~!jN~Bm_/D">
                                                                    <field name="NUM">200</field>
                                                                  </block>
                                                                </value>
                                                              </block>
                                                            </next>
                                                          </block>
                                                        </next>
                                                      </block>
                                                    </statement>
                                                  </block>
                                                </next>
                                              </block>
                                            </statement>
                                          </block>
                                        </statement>
                                        <next>
                                          <block type="base_delay_de" id="Jlf)EE^sI)iY7_j$Z$Wf">
                                            <value name="DELAY_TIME">
                                              <block type="math_number" id="zE}LEC=tEk?dM8#PIeO*">
                                                <field name="NUM">10000</field>
                                              </block>
                                            </value>
                                            <next>
                                              <block type="controls_if" id="9EQByf8V-(d2eCiWhV1L">
                                                <value name="IF0">
                                                  <block type="logic_compare" id="8/X=rl*fcXRBd`IE*`Io">
                                                    <field name="OP">EQ</field>
                                                    <value name="A">
                                                      <block type="variables_get" id="Ff7@w!Zz)uK)p]dgSRuU">
                                                        <field name="VAR" id="#rY0,#l*s.FqOu8InGPi" variabletype="">wetter</field>
                                                      </block>
                                                    </value>
                                                    <value name="B">
                                                      <block type="math_number" id="}MrSKlw1YK;[df4YZwW0">
                                                        <field name="NUM">9</field>
                                                      </block>
                                                    </value>
                                                  </block>
                                                </value>
                                                <statement name="DO0">
                                                  <block type="controls_repeat_ext" id="L:gNE4YF#Kh#_!]uISFE">
                                                    <value name="TIMES">
                                                      <block type="math_number" id="r^AK2KLe0]ge/U]gpEjG">
                                                        <field name="NUM">10</field>
                                                      </block>
                                                    </value>
                                                    <statement name="DO">
                                                      <block type="controls_for" id="T;V3xu/[U0//)}vKr(9!">
                                                        <field name="VAR" id="Btg(t.}Wlz1!;|ve]lDZ" variabletype="">i</field>
                                                        <value name="FROM">
                                                          <block type="math_number" id="^2)Hh3,Rm+WRNlIXg%e;">
                                                            <field name="NUM">0</field>
                                                          </block>
                                                        </value>
                                                        <value name="TO">
                                                          <block type="math_number" id="-.2r(pPIIv~|RgJ@CTMc">
                                                            <field name="NUM">23</field>
                                                          </block>
                                                        </value>
                                                        <value name="BY">
                                                          <block type="math_number" id="ds[zJCgva5TgZf)4Q7/)">
                                                            <field name="NUM">1</field>
                                                          </block>
                                                        </value>
                                                        <statement name="DO">
                                                          <block type="set_pixel_color_rgb_de" id=":yXRC-%mV*1CVYaItM]N">
                                                            <field name="PIN">D1</field>
                                                            <value name="PXNUMBER">
                                                              <block type="variables_get" id="^K^[2jguC/L7_#:^2E|R">
                                                                <field name="VAR" id="Btg(t.}Wlz1!;|ve]lDZ" variabletype="">i</field>
                                                              </block>
                                                            </value>
                                                            <value name="RED">
                                                              <block type="math_number" id="D0bH-B3_`8z)wQ.rlb%P">
                                                                <field name="NUM">255</field>
                                                              </block>
                                                            </value>
                                                            <value name="GREEN">
                                                              <block type="math_number" id="jq^Hp5Ym*,:J[{=FLk$x">
                                                                <field name="NUM">251</field>
                                                              </block>
                                                            </value>
                                                            <value name="BLUE">
                                                              <block type="math_number" id="xLyYFB5P[(}?Kl:1Dwd9">
                                                                <field name="NUM">0</field>
                                                              </block>
                                                            </value>
                                                            <next>
                                                              <block type="neopixel_show_de" id=".XRduXrfj#7IUj7Fqmc`">
                                                                <field name="PIN">D1</field>
                                                                <next>
                                                                  <block type="base_delay_de" id="TiGM^9}KV:#0iviK|q!5">
                                                                    <value name="DELAY_TIME">
                                                                      <block type="math_number" id="N{nQ%|b/b59wW_X`Nz8_">
                                                                        <field name="NUM">200</field>
                                                                      </block>
                                                                    </value>
                                                                  </block>
                                                                </next>
                                                              </block>
                                                            </next>
                                                          </block>
                                                        </statement>
                                                        <next>
                                                          <block type="controls_for" id="{f{2*5Ix39o(m.G~b`g=">
                                                            <field name="VAR" id="Btg(t.}Wlz1!;|ve]lDZ" variabletype="">i</field>
                                                            <value name="FROM">
                                                              <block type="math_number" id="OAx8qWDfV;k.-+zi7eF4">
                                                                <field name="NUM">0</field>
                                                              </block>
                                                            </value>
                                                            <value name="TO">
                                                              <block type="math_number" id="zFZmAwP]J{151@f~F,)b">
                                                                <field name="NUM">23</field>
                                                              </block>
                                                            </value>
                                                            <value name="BY">
                                                              <block type="math_number" id="d1lQ^b%%?DzAK-r1mUOV">
                                                                <field name="NUM">1</field>
                                                              </block>
                                                            </value>
                                                            <statement name="DO">
                                                              <block type="set_pixel_color_rgb_de" id="ID6?Z[WH2[gMDr{AsUVs">
                                                                <field name="PIN">D1</field>
                                                                <value name="PXNUMBER">
                                                                  <block type="variables_get" id="NXDprrQm{FsL|b^AW,C-">
                                                                    <field name="VAR" id="Btg(t.}Wlz1!;|ve]lDZ" variabletype="">i</field>
                                                                  </block>
                                                                </value>
                                                                <value name="RED">
                                                                  <block type="math_number" id="hfu$!;|:+/O!{-!VGb@O">
                                                                    <field name="NUM">255</field>
                                                                  </block>
                                                                </value>
                                                                <value name="GREEN">
                                                                  <block type="math_number" id="oB_4c3bC9*Gf3t(2mImG">
                                                                    <field name="NUM">251</field>
                                                                  </block>
                                                                </value>
                                                                <value name="BLUE">
                                                                  <block type="math_number" id="=b3Fpb9}Q4!S$)jFD1p1">
                                                                    <field name="NUM">0</field>
                                                                  </block>
                                                                </value>
                                                                <next>
                                                                  <block type="neopixel_show_de" id="|_D[dE,THR[yn(652AF2">
                                                                    <field name="PIN">D1</field>
                                                                    <next>
                                                                      <block type="base_delay_de" id="H%.oT{X9aFG-N!h]BHl[">
                                                                        <value name="DELAY_TIME">
                                                                          <block type="math_number" id="I8^0;:8L0|PG~c35CB.q">
                                                                            <field name="NUM">200</field>
                                                                          </block>
                                                                        </value>
                                                                      </block>
                                                                    </next>
                                                                  </block>
                                                                </next>
                                                              </block>
                                                            </statement>
                                                          </block>
                                                        </next>
                                                      </block>
                                                    </statement>
                                                  </block>
                                                </statement>
                                              </block>
                                            </next>
                                          </block>
                                        </next>
                                      </block>
                                    </next>
                                  </block>
                                </next>
                              </block>
                            </next>
                          </block>
                        </next>
                      </block>
                    </next>
                  </block>
                </next>
              </block>
            </next>
          </block>
        </next>
      </block>
    </statement>
  </block>
</xml>