<xml xmlns="http://www.w3.org/1999/xhtml">
  <variables>
    <variable type="" id="xeIC0f~FpT`J,?Tx;=gY">blue</variable>
    <variable type="" id="AklaNK?n}#.5jal}mI$R">pixel</variable>
    <variable type="" id="f,neO.k_o8kF#+l?;zp0">jetziger Status</variable>
    <variable type="" id="8u{}G~]4B1*vSO22u8BG">led Status</variable>
    <variable type="" id="qf7IUp#vcvIk2$CaK|Rr">m</variable>
    <variable type="" id="I?~N*+K;+9pwy:a[sBGX">n</variable>
    <variable type="" id="^n1!TW.lO^xD,#KEY@?P">o</variable>
    <variable type="" id="bIgYdn6g*14C*v,NrWuz">p</variable>
    <variable type="" id="azkRom(A57w68go#BGp!">q</variable>
    <variable type="" id="rGTU*IDbEu$0loM?DIB6">red</variable>
    <variable type="" id="t#)bEmKT6ijDQeSb~f`e">green</variable>
    <variable type="" id="Srj40N}0_]0q@(T{}{$o">vorherigerStatus</variable>
    <variable type="" id="~G6M4Bb{!gNqNQZv?gV{">r</variable>
    <variable type="" id="Rrl]andUlvA#R9gweGO?">fade1</variable>
    <variable type="" id="/hvL7t}P{yv#l7,?0-NP">fade2</variable>
  </variables>
  <block type="procedures_defnoreturn" id="P-(J-$v25WLLiJRLW+cv" x="-1" y="7">
    <field name="NAME">fadenhellgruen</field>
    <comment pinned="false" h="80" w="160">Describe this function...</comment>
    <statement name="STACK">
      <block type="variables_set" id="!7XB%)``cq_GdUbaE$9*">
        <field name="VAR" id="xeIC0f~FpT`J,?Tx;=gY" variabletype="">blue</field>
        <value name="VALUE">
          <block type="math_number" id="U{SX6,96NF!:,2Yt,4Vb">
            <field name="NUM">0</field>
          </block>
        </value>
        <next>
          <block type="variables_set" id="O`7EmZ!c8k/%;B|UK$}u">
            <field name="VAR" id="t#)bEmKT6ijDQeSb~f`e" variabletype="">green</field>
            <value name="VALUE">
              <block type="math_number" id="zkkTmv-Djvp!}`svoH)-">
                <field name="NUM">0</field>
              </block>
            </value>
            <next>
              <block type="variables_set" id="Z2/p+;36,*Xf0.W~em=|">
                <field name="VAR" id="rGTU*IDbEu$0loM?DIB6" variabletype="">red</field>
                <value name="VALUE">
                  <block type="math_number" id="Fi64CQaGyrEC`4@5KEm=">
                    <field name="NUM">0</field>
                  </block>
                </value>
                <next>
                  <block type="controls_whileUntil" id="66FDqNKr/R9D6c^Z]y2s">
                    <field name="MODE">WHILE</field>
                    <value name="BOOL">
                      <block type="logic_compare" id="5[=kMjKDZ?DUNvMNb/vh">
                        <field name="OP">LT</field>
                        <value name="A">
                          <block type="variables_get" id="`V4s`?91?5[*pd=U97L+">
                            <field name="VAR" id="rGTU*IDbEu$0loM?DIB6" variabletype="">red</field>
                          </block>
                        </value>
                        <value name="B">
                          <block type="math_number" id="Ed0TF0b-Hz48XZSWM}IW">
                            <field name="NUM">190</field>
                          </block>
                        </value>
                      </block>
                    </value>
                    <statement name="DO">
                      <block type="variables_set" id="Vxt#6~;.H;GUgYcz9b7^">
                        <field name="VAR" id="rGTU*IDbEu$0loM?DIB6" variabletype="">red</field>
                        <value name="VALUE">
                          <block type="math_arithmetic" id="].x(%_g)YW-e(MC$6yg7">
                            <field name="OP">ADD</field>
                            <value name="A">
                              <block type="variables_get" id="nKH-#3Nv$s%|7#@/VxjI">
                                <field name="VAR" id="rGTU*IDbEu$0loM?DIB6" variabletype="">red</field>
                              </block>
                            </value>
                            <value name="B">
                              <block type="math_number" id="(ra^}AeR(di;9?FJJ~9)">
                                <field name="NUM">19</field>
                              </block>
                            </value>
                          </block>
                        </value>
                        <next>
                          <block type="variables_set" id="[yerOMoC#HuOFT:IqA%O">
                            <field name="VAR" id="t#)bEmKT6ijDQeSb~f`e" variabletype="">green</field>
                            <value name="VALUE">
                              <block type="math_arithmetic" id="{lL@v(7tNb~;Rz#Ylb~K">
                                <field name="OP">ADD</field>
                                <value name="A">
                                  <block type="variables_get" id="s24vP-%!*[L%FM4e+P`B">
                                    <field name="VAR" id="t#)bEmKT6ijDQeSb~f`e" variabletype="">green</field>
                                  </block>
                                </value>
                                <value name="B">
                                  <block type="math_number" id="=%dWRl]E7LO_3gz2hejQ">
                                    <field name="NUM">25</field>
                                  </block>
                                </value>
                              </block>
                            </value>
                            <next>
                              <block type="controls_for" id="hJJZr,HQcQ2tj?[f-Xn2">
                                <field name="VAR" id="AklaNK?n}#.5jal}mI$R" variabletype="">pixel</field>
                                <value name="FROM">
                                  <block type="math_number" id="`0^9=sk|RT_Bj7uHwVGa">
                                    <field name="NUM">0</field>
                                  </block>
                                </value>
                                <value name="TO">
                                  <block type="math_number" id="`Q4$EnYnKfD%5?#?w@A~">
                                    <field name="NUM">24</field>
                                  </block>
                                </value>
                                <value name="BY">
                                  <block type="math_number" id="y^GQqY{,c]huN.%#TYOg">
                                    <field name="NUM">1</field>
                                  </block>
                                </value>
                                <statement name="DO">
                                  <block type="set_pixel_color_rgb" id="/DjO+/f6jRx:{:Q4M]7c">
                                    <field name="PIN">3</field>
                                    <value name="PXNUMBER">
                                      <block type="variables_get" id="If^XIV2%/@ZnkgQp8s_r">
                                        <field name="VAR" id="AklaNK?n}#.5jal}mI$R" variabletype="">pixel</field>
                                      </block>
                                    </value>
                                    <value name="RED">
                                      <block type="variables_get" id="}-hj5CtCwNbx!5R,/@d:">
                                        <field name="VAR" id="rGTU*IDbEu$0loM?DIB6" variabletype="">red</field>
                                      </block>
                                    </value>
                                    <value name="GREEN">
                                      <block type="variables_get" id="H.uqSZQ%|e{dx[qI+ZO8">
                                        <field name="VAR" id="t#)bEmKT6ijDQeSb~f`e" variabletype="">green</field>
                                      </block>
                                    </value>
                                    <value name="BLUE">
                                      <block type="variables_get" id="]]BMv8aU||0u_WS;LXi!">
                                        <field name="VAR" id="xeIC0f~FpT`J,?Tx;=gY" variabletype="">blue</field>
                                      </block>
                                    </value>
                                  </block>
                                </statement>
                                <next>
                                  <block type="neopixel_show" id="xQ2Pi]gIh%^YHK=Lm]:F">
                                    <field name="PIN">3</field>
                                    <next>
                                      <block type="base_delay" id="}/[fKutn=/R}Zw(2:dcK">
                                        <value name="DELAY_TIME">
                                          <block type="math_number" id="qr12-`^:yjM,1V`r87X}">
                                            <field name="NUM">200</field>
                                          </block>
                                        </value>
                                      </block>
                                    </next>
                                  </block>
                                </next>
                              </block>
                            </next>
                          </block>
                        </next>
                      </block>
                    </statement>
                    <next>
                      <block type="controls_whileUntil" id=":Da[!j36u^@qxbA{XTK]">
                        <field name="MODE">WHILE</field>
                        <value name="BOOL">
                          <block type="logic_compare" id="1GN1uR5s.Sbg3}bRsq1n">
                            <field name="OP">GT</field>
                            <value name="A">
                              <block type="variables_get" id="NZMUxg!*/8vfFs#s(=(!">
                                <field name="VAR" id="rGTU*IDbEu$0loM?DIB6" variabletype="">red</field>
                              </block>
                            </value>
                            <value name="B">
                              <block type="math_number" id="`L:}U(leG60blMd+JM]0">
                                <field name="NUM">0</field>
                              </block>
                            </value>
                          </block>
                        </value>
                        <statement name="DO">
                          <block type="variables_set" id=".z:7^.Qx+oJ:m^czSk=U">
                            <field name="VAR" id="rGTU*IDbEu$0loM?DIB6" variabletype="">red</field>
                            <value name="VALUE">
                              <block type="math_arithmetic" id=":}9f=_J_o}L!3Hh]F2],">
                                <field name="OP">MINUS</field>
                                <value name="A">
                                  <block type="variables_get" id="hG~u]yq@Y?GU-Pf5BWVV">
                                    <field name="VAR" id="rGTU*IDbEu$0loM?DIB6" variabletype="">red</field>
                                  </block>
                                </value>
                                <value name="B">
                                  <block type="math_number" id="4Ka=:p#i4d0uD%Hu:O8=">
                                    <field name="NUM">19</field>
                                  </block>
                                </value>
                              </block>
                            </value>
                            <next>
                              <block type="variables_set" id="6av.P@NYG_Mt07mO!AaU">
                                <field name="VAR" id="t#)bEmKT6ijDQeSb~f`e" variabletype="">green</field>
                                <value name="VALUE">
                                  <block type="math_arithmetic" id="}oZnQ#y6/0Ffqt2P^4Mc">
                                    <field name="OP">MINUS</field>
                                    <value name="A">
                                      <block type="variables_get" id="[v-:Vr0vwj+4p{a.lvk|">
                                        <field name="VAR" id="t#)bEmKT6ijDQeSb~f`e" variabletype="">green</field>
                                      </block>
                                    </value>
                                    <value name="B">
                                      <block type="math_number" id="H@7%mS{Bz.D7i=NHoY,-">
                                        <field name="NUM">25</field>
                                      </block>
                                    </value>
                                  </block>
                                </value>
                                <next>
                                  <block type="controls_for" id="gZ$!M:pA,~4rFNq#~/_]">
                                    <field name="VAR" id="AklaNK?n}#.5jal}mI$R" variabletype="">pixel</field>
                                    <value name="FROM">
                                      <block type="math_number" id="F#+~@Dh/KD%`BUkVQEyP">
                                        <field name="NUM">0</field>
                                      </block>
                                    </value>
                                    <value name="TO">
                                      <block type="math_number" id="|qnfzR}D0r?DYV*l{cPx">
                                        <field name="NUM">24</field>
                                      </block>
                                    </value>
                                    <value name="BY">
                                      <block type="math_number" id="qSk14y,b1%`OGP06Mj?x">
                                        <field name="NUM">1</field>
                                      </block>
                                    </value>
                                    <statement name="DO">
                                      <block type="set_pixel_color_rgb" id="I`)kz?Wa,1CjDy4f]-SE">
                                        <field name="PIN">3</field>
                                        <value name="PXNUMBER">
                                          <block type="variables_get" id="87!aKua~a6Ub#|Cf+q{f">
                                            <field name="VAR" id="AklaNK?n}#.5jal}mI$R" variabletype="">pixel</field>
                                          </block>
                                        </value>
                                        <value name="RED">
                                          <block type="variables_get" id="+v]c:pESg3isY1XC1`x6">
                                            <field name="VAR" id="rGTU*IDbEu$0loM?DIB6" variabletype="">red</field>
                                          </block>
                                        </value>
                                        <value name="GREEN">
                                          <block type="variables_get" id=":+GYf(Q2S){-Ja(Muy9}">
                                            <field name="VAR" id="t#)bEmKT6ijDQeSb~f`e" variabletype="">green</field>
                                          </block>
                                        </value>
                                        <value name="BLUE">
                                          <block type="variables_get" id="nYiiZ$sh$Pb~?2YiOyQr">
                                            <field name="VAR" id="xeIC0f~FpT`J,?Tx;=gY" variabletype="">blue</field>
                                          </block>
                                        </value>
                                      </block>
                                    </statement>
                                    <next>
                                      <block type="neopixel_show" id="@c;OIcGZSGNEvo$Pc/Nq">
                                        <field name="PIN">3</field>
                                        <next>
                                          <block type="base_delay" id="k($I)[K6AQ!Q}RuFkR8|">
                                            <value name="DELAY_TIME">
                                              <block type="math_number" id="@xNr.#u_ijg%xAS$AS~D">
                                                <field name="NUM">200</field>
                                              </block>
                                            </value>
                                          </block>
                                        </next>
                                      </block>
                                    </next>
                                  </block>
                                </next>
                              </block>
                            </next>
                          </block>
                        </statement>
                      </block>
                    </next>
                  </block>
                </next>
              </block>
            </next>
          </block>
        </next>
      </block>
    </statement>
  </block>
  <block type="setup_neopixel" id="(0lf:E+sp,lGIfP;sje+" x="972" y="-9">
    <field name="PIN">3</field>
    <field name="TYPE1">NEO_GRB</field>
    <field name="TYPE2">NEO_KHZ800</field>
    <value name="LEDNUM">
      <block type="math_number" id="Ok/rHvAugrXlbS}-{69D">
        <field name="NUM">24</field>
      </block>
    </value>
    <next>
      <block type="set_neopixel_brightness" id="]cy[-7y?4rrf#%2Vbm`A">
        <field name="PIN">3</field>
        <value name="BRIGHTNESS">
          <block type="math_number" id="FxPy5P%ql$hp8tsm#m])">
            <field name="NUM">255</field>
          </block>
        </value>
        <next>
          <block type="variables_set" id="bE7_7c9w[/%#M%~je{}c">
            <field name="VAR" id="f,neO.k_o8kF#+l?;zp0" variabletype="">jetziger Status</field>
            <value name="VALUE">
              <block type="inout_digital_read" id="=[`PUjKlE,zufSgqM%:x">
                <field name="PIN">2</field>
              </block>
            </value>
            <next>
              <block type="controls_if" id="X?8Qs$ZKt`[BN^7KhPOt">
                <value name="IF0">
                  <block type="logic_compare" id="d;Bj.kbh,1@u?bJ|.~?i">
                    <field name="OP">NEQ</field>
                    <value name="A">
                      <block type="variables_get" id="bZTx3yVkQVg!(.TR-1FA">
                        <field name="VAR" id="f,neO.k_o8kF#+l?;zp0" variabletype="">jetziger Status</field>
                      </block>
                    </value>
                    <value name="B">
                      <block type="variables_get" id="WlVK^GilQoetlmQI11;E">
                        <field name="VAR" id="Srj40N}0_]0q@(T{}{$o" variabletype="">vorherigerStatus</field>
                      </block>
                    </value>
                  </block>
                </value>
                <statement name="DO0">
                  <block type="controls_if" id="LA2W`[a5:5DA}(kB8buq">
                    <value name="IF0">
                      <block type="logic_compare" id="`mj[(q[Qq?akZj/GF8=W">
                        <field name="OP">EQ</field>
                        <value name="A">
                          <block type="variables_get" id="mv::xo+ph=TY:3JES.m6">
                            <field name="VAR" id="f,neO.k_o8kF#+l?;zp0" variabletype="">jetziger Status</field>
                          </block>
                        </value>
                        <value name="B">
                          <block type="math_number" id="je^RYs{4T)m!tCisc|4t">
                            <field name="NUM">1</field>
                          </block>
                        </value>
                      </block>
                    </value>
                    <statement name="DO0">
                      <block type="controls_if" id="0b{b?4wG.##nIJthB^S$">
                        <mutation else="1"></mutation>
                        <value name="IF0">
                          <block type="logic_compare" id="4+WjKyneWxTSu.*K*{QD">
                            <field name="OP">EQ</field>
                            <value name="A">
                              <block type="variables_get" id="M:syoSXI.ZEY})/G.Teg">
                                <field name="VAR" id="8u{}G~]4B1*vSO22u8BG" variabletype="">led Status</field>
                              </block>
                            </value>
                            <value name="B">
                              <block type="math_number" id="~o]ODi.BDzy5}Tc55_SM">
                                <field name="NUM">1</field>
                              </block>
                            </value>
                          </block>
                        </value>
                        <statement name="DO0">
                          <block type="set_pixel_color_rgb" id="CPm;hk$nwty(ib6.yJ5d">
                            <field name="PIN">3</field>
                            <value name="PXNUMBER">
                              <block type="math_number" id="nL+Vc!i2]BUiV8@q{pa^">
                                <field name="NUM">24</field>
                              </block>
                            </value>
                            <value name="RED">
                              <block type="math_number" id="=Bp$W./;09P,M|ACh2~C">
                                <field name="NUM">0</field>
                              </block>
                            </value>
                            <value name="GREEN">
                              <block type="math_number" id="[]l`!G@?S9`V1uZovBs+">
                                <field name="NUM">0</field>
                              </block>
                            </value>
                            <value name="BLUE">
                              <block type="math_number" id="KI,KJV`K6Xt_3pK?B$ZC">
                                <field name="NUM">0</field>
                              </block>
                            </value>
                            <next>
                              <block type="neopixel_show" id="hBaG+a=g;R~J8-rc(1yH">
                                <field name="PIN">3</field>
                                <next>
                                  <block type="variables_set" id="x!;Sh;yDFAYX:LP%|3)u">
                                    <field name="VAR" id="8u{}G~]4B1*vSO22u8BG" variabletype="">led Status</field>
                                    <value name="VALUE">
                                      <block type="math_number" id="17R#g0N/mPci[d6#y=zu">
                                        <field name="NUM">0</field>
                                      </block>
                                    </value>
                                  </block>
                                </next>
                              </block>
                            </next>
                          </block>
                        </statement>
                        <statement name="ELSE">
                          <block type="controls_whileUntil" id="oN=ja2~mFy?7cF,%^ms~">
                            <field name="MODE">WHILE</field>
                            <value name="BOOL">
                              <block type="logic_compare" id="Ja9~cjma((hqhcHHDPhP">
                                <field name="OP">EQ</field>
                                <value name="A">
                                  <block type="variables_get" id="-eWK:s^B]`bx0i|OO[dD">
                                    <field name="VAR" id="f,neO.k_o8kF#+l?;zp0" variabletype="">jetziger Status</field>
                                  </block>
                                </value>
                                <value name="B">
                                  <block type="math_number" id="q$pXGTBAgyf_mf#[z4/:">
                                    <field name="NUM">1</field>
                                  </block>
                                </value>
                              </block>
                            </value>
                            <statement name="DO">
                              <block type="procedures_callnoreturn" id="IlWw_bR,.(coJ?XQ%xxR">
                                <mutation name="fadenhellgruen"></mutation>
                                <next>
                                  <block type="variables_set" id="~|i-hJ;CQjei~#f*5p*!">
                                    <field name="VAR" id="f,neO.k_o8kF#+l?;zp0" variabletype="">jetziger Status</field>
                                    <value name="VALUE">
                                      <block type="inout_digital_read" id="dF60Bzb.+$35fuDnAWr;">
                                        <field name="PIN">2</field>
                                      </block>
                                    </value>
                                    <next>
                                      <block type="controls_if" id="IrKj4;veztr%vP_?nE_B">
                                        <value name="IF0">
                                          <block type="logic_compare" id="e%l%B8]pbH,{g:blgM8.">
                                            <field name="OP">EQ</field>
                                            <value name="A">
                                              <block type="variables_get" id="IwGmAYhHw64JZ@Vn%GG}">
                                                <field name="VAR" id="f,neO.k_o8kF#+l?;zp0" variabletype="">jetziger Status</field>
                                              </block>
                                            </value>
                                            <value name="B">
                                              <block type="math_number" id="x+16z|uwoPpJ-SS?LBcq">
                                                <field name="NUM">1</field>
                                              </block>
                                            </value>
                                          </block>
                                        </value>
                                        <statement name="DO0">
                                          <block type="controls_flow_statements" id="*k|Rw;9!zVOmQ;NvU9;S">
                                            <field name="FLOW">BREAK</field>
                                          </block>
                                        </statement>
                                        <next>
                                          <block type="procedures_callnoreturn" id="|GflL7pm{F5%CM5d_?FZ">
                                            <mutation name="fadenuebergang"></mutation>
                                            <next>
                                              <block type="variables_set" id="ps,td-U}.-2hG7cjF:xs">
                                                <field name="VAR" id="f,neO.k_o8kF#+l?;zp0" variabletype="">jetziger Status</field>
                                                <value name="VALUE">
                                                  <block type="inout_digital_read" id="wqZ4^+zL+~#Hc.M4{U;_">
                                                    <field name="PIN">2</field>
                                                  </block>
                                                </value>
                                                <next>
                                                  <block type="controls_if" id="HU@#+*K8MDoMkKNuoA_^">
                                                    <value name="IF0">
                                                      <block type="logic_compare" id="cgQa5[_Al^QLp!{p[w$v">
                                                        <field name="OP">EQ</field>
                                                        <value name="A">
                                                          <block type="variables_get" id="o!@Im39moupq?%4xo1Ax">
                                                            <field name="VAR" id="f,neO.k_o8kF#+l?;zp0" variabletype="">jetziger Status</field>
                                                          </block>
                                                        </value>
                                                        <value name="B">
                                                          <block type="math_number" id="H`cc7-PL0KgyAI@8n[LL">
                                                            <field name="NUM">1</field>
                                                          </block>
                                                        </value>
                                                      </block>
                                                    </value>
                                                    <statement name="DO0">
                                                      <block type="controls_flow_statements" id="-uMxEsv+=yhD|3`3!9]i">
                                                        <field name="FLOW">BREAK</field>
                                                      </block>
                                                    </statement>
                                                    <next>
                                                      <block type="procedures_callnoreturn" id="k[u(CoPkdNklAC.c~YF|">
                                                        <mutation name="fadenturkis"></mutation>
                                                        <next>
                                                          <block type="variables_set" id=":idf`d^*s4Voqha=]tw!">
                                                            <field name="VAR" id="f,neO.k_o8kF#+l?;zp0" variabletype="">jetziger Status</field>
                                                            <value name="VALUE">
                                                              <block type="inout_digital_read" id="54!%|#8d@R%PV^v[aO{_">
                                                                <field name="PIN">2</field>
                                                              </block>
                                                            </value>
                                                            <next>
                                                              <block type="controls_if" id="$BI4l0E[YX4)Kiwm+Pdu">
                                                                <value name="IF0">
                                                                  <block type="logic_compare" id="w|9uh?CAW1W[_miLV.z#">
                                                                    <field name="OP">EQ</field>
                                                                    <value name="A">
                                                                      <block type="variables_get" id="|s7^j/hF!vW}}%ev8@k3">
                                                                        <field name="VAR" id="f,neO.k_o8kF#+l?;zp0" variabletype="">jetziger Status</field>
                                                                      </block>
                                                                    </value>
                                                                    <value name="B">
                                                                      <block type="math_number" id="iE#KP1[=^_udLHJ?bk9!">
                                                                        <field name="NUM">1</field>
                                                                      </block>
                                                                    </value>
                                                                  </block>
                                                                </value>
                                                                <statement name="DO0">
                                                                  <block type="controls_flow_statements" id="X9)Cx.Dgt{JvUEd0nEgO">
                                                                    <field name="FLOW">BREAK</field>
                                                                  </block>
                                                                </statement>
                                                                <next>
                                                                  <block type="procedures_callnoreturn" id="P)^pHPylvzCP}-sqQmTG">
                                                                    <mutation name="fadenuebergang"></mutation>
                                                                    <next>
                                                                      <block type="variables_set" id="M|Bx=OSXMIK1Sv+BTI|R">
                                                                        <field name="VAR" id="f,neO.k_o8kF#+l?;zp0" variabletype="">jetziger Status</field>
                                                                        <value name="VALUE">
                                                                          <block type="inout_digital_read" id="mgtTgP72:J1q.f^M*2H~">
                                                                            <field name="PIN">2</field>
                                                                          </block>
                                                                        </value>
                                                                        <next>
                                                                          <block type="controls_if" id="|gNu-.1O~s*7qS3YY$?#">
                                                                            <value name="IF0">
                                                                              <block type="logic_compare" id="K+Hxufm^%c}p-fqUw?BX">
                                                                                <field name="OP">EQ</field>
                                                                                <value name="A">
                                                                                  <block type="variables_get" id="h.NLZAnoN1OVUT3MF!FD">
                                                                                    <field name="VAR" id="f,neO.k_o8kF#+l?;zp0" variabletype="">jetziger Status</field>
                                                                                  </block>
                                                                                </value>
                                                                                <value name="B">
                                                                                  <block type="math_number" id="=0CpS`7RYP4x{/97LvDo">
                                                                                    <field name="NUM">1</field>
                                                                                  </block>
                                                                                </value>
                                                                              </block>
                                                                            </value>
                                                                            <statement name="DO0">
                                                                              <block type="controls_flow_statements" id="KF/m.AER57Jm_3uI)_OZ">
                                                                                <field name="FLOW">BREAK</field>
                                                                              </block>
                                                                            </statement>
                                                                          </block>
                                                                        </next>
                                                                      </block>
                                                                    </next>
                                                                  </block>
                                                                </next>
                                                              </block>
                                                            </next>
                                                          </block>
                                                        </next>
                                                      </block>
                                                    </next>
                                                  </block>
                                                </next>
                                              </block>
                                            </next>
                                          </block>
                                        </next>
                                      </block>
                                    </next>
                                  </block>
                                </next>
                              </block>
                            </statement>
                            <next>
                              <block type="variables_set" id="UzyYlNl}!=a]_Q4G!wl`">
                                <field name="VAR" id="8u{}G~]4B1*vSO22u8BG" variabletype="">led Status</field>
                                <value name="VALUE">
                                  <block type="math_number" id="J{.6]JVf7*#GaL!Wp.m.">
                                    <field name="NUM">1</field>
                                  </block>
                                </value>
                              </block>
                            </next>
                          </block>
                        </statement>
                      </block>
                    </statement>
                    <next>
                      <block type="variables_set" id="z,)$]52vlxBi#6O20L6T">
                        <field name="VAR" id="Srj40N}0_]0q@(T{}{$o" variabletype="">vorherigerStatus</field>
                        <value name="VALUE">
                          <block type="variables_get" id="f#0l[!e[U)Nxk$,WI#PY">
                            <field name="VAR" id="f,neO.k_o8kF#+l?;zp0" variabletype="">jetziger Status</field>
                          </block>
                        </value>
                        <next>
                          <block type="base_delay" id="-9c}R6_a9JzLkNvVdmN-">
                            <value name="DELAY_TIME">
                              <block type="math_number" id="]5F`;vGi/Dy^*ZXFMFlR">
                                <field name="NUM">50</field>
                              </block>
                            </value>
                          </block>
                        </next>
                      </block>
                    </next>
                  </block>
                </statement>
              </block>
            </next>
          </block>
        </next>
      </block>
    </next>
  </block>
  <block type="procedures_defnoreturn" id=":lIQBT,PX6~W+1rw+9EQ" x="135" y="852">
    <field name="NAME">fadenuebergang</field>
    <comment pinned="false" h="80" w="160">Describe this function...</comment>
    <statement name="STACK">
      <block type="variables_set" id="D{5@evdd/v-GH-7U=UoS">
        <field name="VAR" id="xeIC0f~FpT`J,?Tx;=gY" variabletype="">blue</field>
        <value name="VALUE">
          <block type="math_number" id="UYE]i]dX9XmgdD,H~Kmy">
            <field name="NUM">0</field>
          </block>
        </value>
        <next>
          <block type="variables_set" id="?8X.V|G|)n:Ao1ZDnw@~">
            <field name="VAR" id="t#)bEmKT6ijDQeSb~f`e" variabletype="">green</field>
            <value name="VALUE">
              <block type="math_number" id="m@t@h2uZJ1qG=OtH(nGE">
                <field name="NUM">0</field>
              </block>
            </value>
            <next>
              <block type="variables_set" id="S=1WiNLP{/B5wOW7TmYc">
                <field name="VAR" id="rGTU*IDbEu$0loM?DIB6" variabletype="">red</field>
                <value name="VALUE">
                  <block type="math_number" id="y.hOOeA[IgUAuW6PS,Uc">
                    <field name="NUM">0</field>
                  </block>
                </value>
                <next>
                  <block type="controls_whileUntil" id="Be1t1?EBCB/,4fpy4)L!">
                    <field name="MODE">WHILE</field>
                    <value name="BOOL">
                      <block type="logic_compare" id=";5yYqbKw1QRHKM}p32GZ">
                        <field name="OP">LT</field>
                        <value name="A">
                          <block type="variables_get" id="G{5}=hbV]isw(J5[ZkNR">
                            <field name="VAR" id="rGTU*IDbEu$0loM?DIB6" variabletype="">red</field>
                          </block>
                        </value>
                        <value name="B">
                          <block type="math_number" id="|+P*JclpSC@o/a7W}ftu">
                            <field name="NUM">190</field>
                          </block>
                        </value>
                      </block>
                    </value>
                    <statement name="DO">
                      <block type="variables_set" id="yIcCN+c?oN2_03Gxpu7M">
                        <field name="VAR" id="rGTU*IDbEu$0loM?DIB6" variabletype="">red</field>
                        <value name="VALUE">
                          <block type="math_arithmetic" id="Chi0?f5d3IJLInGn$1:-">
                            <field name="OP">ADD</field>
                            <value name="A">
                              <block type="variables_get" id="*6KzHpKenzIngZ[+]k90">
                                <field name="VAR" id="rGTU*IDbEu$0loM?DIB6" variabletype="">red</field>
                              </block>
                            </value>
                            <value name="B">
                              <block type="math_number" id="K}U71wb+h$f(i8*QQ8h_">
                                <field name="NUM">19</field>
                              </block>
                            </value>
                          </block>
                        </value>
                        <next>
                          <block type="variables_set" id="Zwui)8xqGy{W}k[-59vi">
                            <field name="VAR" id="t#)bEmKT6ijDQeSb~f`e" variabletype="">green</field>
                            <value name="VALUE">
                              <block type="math_arithmetic" id="qMTyy.8y24=sG{A1fCed">
                                <field name="OP">ADD</field>
                                <value name="A">
                                  <block type="variables_get" id="q0y{.zyD+Md=,`D!P})K">
                                    <field name="VAR" id="t#)bEmKT6ijDQeSb~f`e" variabletype="">green</field>
                                  </block>
                                </value>
                                <value name="B">
                                  <block type="math_number" id=";lp`q#JvvI+#/?R7m4CM">
                                    <field name="NUM">25</field>
                                  </block>
                                </value>
                              </block>
                            </value>
                            <next>
                              <block type="variables_set" id="q:OwXk{7/QS5|3r|e~PD">
                                <field name="VAR" id="xeIC0f~FpT`J,?Tx;=gY" variabletype="">blue</field>
                                <value name="VALUE">
                                  <block type="math_arithmetic" id="LTjBaQ3Rq_c$i]2vmE?U">
                                    <field name="OP">ADD</field>
                                    <value name="A">
                                      <block type="variables_get" id=":)W^#{eT~F}YIiX0a0a^">
                                        <field name="VAR" id="xeIC0f~FpT`J,?Tx;=gY" variabletype="">blue</field>
                                      </block>
                                    </value>
                                    <value name="B">
                                      <block type="math_number" id="eE`j;h`hV,a_DK3c.TnU">
                                        <field name="NUM">8</field>
                                      </block>
                                    </value>
                                  </block>
                                </value>
                                <next>
                                  <block type="controls_for" id="t^uU;[xMGbv/ciA|OjG)">
                                    <field name="VAR" id="AklaNK?n}#.5jal}mI$R" variabletype="">pixel</field>
                                    <value name="FROM">
                                      <block type="math_number" id="C6/vN#~l92MZp(sYg29}">
                                        <field name="NUM">0</field>
                                      </block>
                                    </value>
                                    <value name="TO">
                                      <block type="math_number" id="IxPme^Nj4^X~TrFh0bM7">
                                        <field name="NUM">24</field>
                                      </block>
                                    </value>
                                    <value name="BY">
                                      <block type="math_number" id="bf6yj$EA^p2}:Pf~9*b6">
                                        <field name="NUM">1</field>
                                      </block>
                                    </value>
                                    <statement name="DO">
                                      <block type="set_pixel_color_rgb" id="i;l2ImrRb{%TZ#B9d]TR">
                                        <field name="PIN">3</field>
                                        <value name="PXNUMBER">
                                          <block type="variables_get" id="sEz:s-k$Nqr3B`Oe)bGT">
                                            <field name="VAR" id="AklaNK?n}#.5jal}mI$R" variabletype="">pixel</field>
                                          </block>
                                        </value>
                                        <value name="RED">
                                          <block type="variables_get" id="vgfTns8c-T|xA99FC9cu">
                                            <field name="VAR" id="rGTU*IDbEu$0loM?DIB6" variabletype="">red</field>
                                          </block>
                                        </value>
                                        <value name="GREEN">
                                          <block type="variables_get" id="WT$B1oYhk{}%c!%8(r.A">
                                            <field name="VAR" id="t#)bEmKT6ijDQeSb~f`e" variabletype="">green</field>
                                          </block>
                                        </value>
                                        <value name="BLUE">
                                          <block type="variables_get" id="Tg6y6/`Vs%1==t=q?f(y">
                                            <field name="VAR" id="xeIC0f~FpT`J,?Tx;=gY" variabletype="">blue</field>
                                          </block>
                                        </value>
                                      </block>
                                    </statement>
                                    <next>
                                      <block type="neopixel_show" id="vxjEsHnPO~V[h]#7{?{T">
                                        <field name="PIN">3</field>
                                        <next>
                                          <block type="base_delay" id="]{8@X-!kT}^?3M1#xOJ@">
                                            <value name="DELAY_TIME">
                                              <block type="math_number" id="?cu*DwjT7`]a5k0LsI#?">
                                                <field name="NUM">200</field>
                                              </block>
                                            </value>
                                          </block>
                                        </next>
                                      </block>
                                    </next>
                                  </block>
                                </next>
                              </block>
                            </next>
                          </block>
                        </next>
                      </block>
                    </statement>
                    <next>
                      <block type="controls_whileUntil" id="9Irp5:[g8@p4^R/Z%b6J">
                        <field name="MODE">WHILE</field>
                        <value name="BOOL">
                          <block type="logic_compare" id="1lp(0cVGEcrbW36ct{lM">
                            <field name="OP">GT</field>
                            <value name="A">
                              <block type="variables_get" id="1{r,`8_y$w4e$;bd`-i+">
                                <field name="VAR" id="rGTU*IDbEu$0loM?DIB6" variabletype="">red</field>
                              </block>
                            </value>
                            <value name="B">
                              <block type="math_number" id="-c=2WM(qNVgl:ls-/7UV">
                                <field name="NUM">0</field>
                              </block>
                            </value>
                          </block>
                        </value>
                        <statement name="DO">
                          <block type="variables_set" id="cxj64=O[@-0HncZ4?44V">
                            <field name="VAR" id="rGTU*IDbEu$0loM?DIB6" variabletype="">red</field>
                            <value name="VALUE">
                              <block type="math_arithmetic" id=":[UW.@D0Z|xi^FPin%Nn">
                                <field name="OP">MINUS</field>
                                <value name="A">
                                  <block type="variables_get" id="BZbK2Ozu7O{@?vzRLCeK">
                                    <field name="VAR" id="rGTU*IDbEu$0loM?DIB6" variabletype="">red</field>
                                  </block>
                                </value>
                                <value name="B">
                                  <block type="math_number" id="I[]rGYZ-tZqYPbJO}?gb">
                                    <field name="NUM">19</field>
                                  </block>
                                </value>
                              </block>
                            </value>
                            <next>
                              <block type="variables_set" id="Lytqn[a],L2z%Afbj~u;">
                                <field name="VAR" id="t#)bEmKT6ijDQeSb~f`e" variabletype="">green</field>
                                <value name="VALUE">
                                  <block type="math_arithmetic" id="P}0LH*J._jUZpU--Eo*F">
                                    <field name="OP">MINUS</field>
                                    <value name="A">
                                      <block type="variables_get" id="g6OX);BCO%z;^^$t:{dG">
                                        <field name="VAR" id="t#)bEmKT6ijDQeSb~f`e" variabletype="">green</field>
                                      </block>
                                    </value>
                                    <value name="B">
                                      <block type="math_number" id="1=^4OwRQ4hsByO8DS{d)">
                                        <field name="NUM">25</field>
                                      </block>
                                    </value>
                                  </block>
                                </value>
                                <next>
                                  <block type="variables_set" id="BWOyeaR6Nhj.[s.@*Yq8">
                                    <field name="VAR" id="xeIC0f~FpT`J,?Tx;=gY" variabletype="">blue</field>
                                    <value name="VALUE">
                                      <block type="math_arithmetic" id="$i0;(P4sID06}321v{Ya">
                                        <field name="OP">MINUS</field>
                                        <value name="A">
                                          <block type="variables_get" id="O[EwvV!eYTKyg*iP8l%t">
                                            <field name="VAR" id="xeIC0f~FpT`J,?Tx;=gY" variabletype="">blue</field>
                                          </block>
                                        </value>
                                        <value name="B">
                                          <block type="math_number" id=",MsN8e@X@:}vEfT?0ti?">
                                            <field name="NUM">8</field>
                                          </block>
                                        </value>
                                      </block>
                                    </value>
                                    <next>
                                      <block type="controls_for" id="{tBvhk/cpaZwS{Taa/HK">
                                        <field name="VAR" id="AklaNK?n}#.5jal}mI$R" variabletype="">pixel</field>
                                        <value name="FROM">
                                          <block type="math_number" id="$4*kCA-Q~Cw{I)N(qUt+">
                                            <field name="NUM">0</field>
                                          </block>
                                        </value>
                                        <value name="TO">
                                          <block type="math_number" id="SfXXEqj3M)OO4yI*Fl15">
                                            <field name="NUM">24</field>
                                          </block>
                                        </value>
                                        <value name="BY">
                                          <block type="math_number" id="w~~5_-w?3n.f+a1np6-@">
                                            <field name="NUM">1</field>
                                          </block>
                                        </value>
                                        <statement name="DO">
                                          <block type="set_pixel_color_rgb" id="SBb|L8b[A*22FJ/_hO}c">
                                            <field name="PIN">3</field>
                                            <value name="PXNUMBER">
                                              <block type="variables_get" id="0AAMj54)A$/N~!Jg5][V">
                                                <field name="VAR" id="AklaNK?n}#.5jal}mI$R" variabletype="">pixel</field>
                                              </block>
                                            </value>
                                            <value name="RED">
                                              <block type="variables_get" id="[1weHkKZ$L8ZxTcU$dPC">
                                                <field name="VAR" id="rGTU*IDbEu$0loM?DIB6" variabletype="">red</field>
                                              </block>
                                            </value>
                                            <value name="GREEN">
                                              <block type="variables_get" id="l{UwBJI@3B!3TX_KYLri">
                                                <field name="VAR" id="t#)bEmKT6ijDQeSb~f`e" variabletype="">green</field>
                                              </block>
                                            </value>
                                            <value name="BLUE">
                                              <block type="variables_get" id="GHJ)AR(}I?W!t8,Cw+rw">
                                                <field name="VAR" id="xeIC0f~FpT`J,?Tx;=gY" variabletype="">blue</field>
                                              </block>
                                            </value>
                                          </block>
                                        </statement>
                                        <next>
                                          <block type="neopixel_show" id="8!(KHz[$vfRVKR`b:i_5">
                                            <field name="PIN">3</field>
                                            <next>
                                              <block type="base_delay" id="M!;@qB]C4T3.-H/UV?UM">
                                                <value name="DELAY_TIME">
                                                  <block type="math_number" id="LIUO+axASxQ9U4#XL[?6">
                                                    <field name="NUM">200</field>
                                                  </block>
                                                </value>
                                              </block>
                                            </next>
                                          </block>
                                        </next>
                                      </block>
                                    </next>
                                  </block>
                                </next>
                              </block>
                            </next>
                          </block>
                        </statement>
                      </block>
                    </next>
                  </block>
                </next>
              </block>
            </next>
          </block>
        </next>
      </block>
    </statement>
  </block>
  <block type="procedures_defnoreturn" id="~k9|/5yalwXrRs%i~X#U" x="47" y="1703">
    <field name="NAME">fadenturkis</field>
    <comment pinned="false" h="80" w="160">Describe this function...</comment>
    <statement name="STACK">
      <block type="variables_set" id="7r|2QDi2%}}`Sq~mzUK*">
        <field name="VAR" id="xeIC0f~FpT`J,?Tx;=gY" variabletype="">blue</field>
        <value name="VALUE">
          <block type="math_number" id="uk$Vv8WvB4?-P8nKff-o">
            <field name="NUM">0</field>
          </block>
        </value>
        <next>
          <block type="variables_set" id="/m6$!3%$oD4;89o?Xg$k">
            <field name="VAR" id="t#)bEmKT6ijDQeSb~f`e" variabletype="">green</field>
            <value name="VALUE">
              <block type="math_number" id="WHs@vx^BNWXe*up.5P$Y">
                <field name="NUM">0</field>
              </block>
            </value>
            <next>
              <block type="variables_set" id="xC+@x180vmgCSdF#XcW[">
                <field name="VAR" id="rGTU*IDbEu$0loM?DIB6" variabletype="">red</field>
                <value name="VALUE">
                  <block type="math_number" id="PHKv8B{%(=^iOJ~/xxE@">
                    <field name="NUM">0</field>
                  </block>
                </value>
                <next>
                  <block type="controls_whileUntil" id=".+9bG_,9@KjlEWLg]o~l">
                    <field name="MODE">WHILE</field>
                    <value name="BOOL">
                      <block type="logic_compare" id="](DVH/y?qJy/.h,EcMii">
                        <field name="OP">LT</field>
                        <value name="A">
                          <block type="variables_get" id="YQI_m$!I/Uj7F;](S2t1">
                            <field name="VAR" id="rGTU*IDbEu$0loM?DIB6" variabletype="">red</field>
                          </block>
                        </value>
                        <value name="B">
                          <block type="math_number" id="1i6q[_P}ATU5tWcE|g4M">
                            <field name="NUM">190</field>
                          </block>
                        </value>
                      </block>
                    </value>
                    <statement name="DO">
                      <block type="variables_set" id="D@p20h}-sWF*7}R%A6$)">
                        <field name="VAR" id="rGTU*IDbEu$0loM?DIB6" variabletype="">red</field>
                        <value name="VALUE">
                          <block type="math_arithmetic" id="bkRyf+5VTQioF:IO_Bg?">
                            <field name="OP">ADD</field>
                            <value name="A">
                              <block type="variables_get" id="iDmS|m#OwQQi=dKP7Wdy">
                                <field name="VAR" id="rGTU*IDbEu$0loM?DIB6" variabletype="">red</field>
                              </block>
                            </value>
                            <value name="B">
                              <block type="math_number" id="c!|ytG-OMY_n2dDgGlkg">
                                <field name="NUM">19</field>
                              </block>
                            </value>
                          </block>
                        </value>
                        <next>
                          <block type="variables_set" id="uxA1[#g5Fc~GZY[v%o1N">
                            <field name="VAR" id="t#)bEmKT6ijDQeSb~f`e" variabletype="">green</field>
                            <value name="VALUE">
                              <block type="math_arithmetic" id="FCMad1/xcnHeo[pO^|7;">
                                <field name="OP">ADD</field>
                                <value name="A">
                                  <block type="variables_get" id="R,e3{lg6/`#:8{KXune+">
                                    <field name="VAR" id="t#)bEmKT6ijDQeSb~f`e" variabletype="">green</field>
                                  </block>
                                </value>
                                <value name="B">
                                  <block type="math_number" id="=Y%m1(;,)l%fLAeb4([F">
                                    <field name="NUM">25</field>
                                  </block>
                                </value>
                              </block>
                            </value>
                            <next>
                              <block type="variables_set" id="yV8`1$_}K.R[R)lbT`2M">
                                <field name="VAR" id="xeIC0f~FpT`J,?Tx;=gY" variabletype="">blue</field>
                                <value name="VALUE">
                                  <block type="math_arithmetic" id="3mg%Ll@3Oyb!NlNbDpGn">
                                    <field name="OP">ADD</field>
                                    <value name="A">
                                      <block type="variables_get" id="F}t0gyb;3E_g#k_p/|@x">
                                        <field name="VAR" id="xeIC0f~FpT`J,?Tx;=gY" variabletype="">blue</field>
                                      </block>
                                    </value>
                                    <value name="B">
                                      <block type="math_number" id="03Ou]qCCG23=1VT:7OZ,">
                                        <field name="NUM">16</field>
                                      </block>
                                    </value>
                                  </block>
                                </value>
                                <next>
                                  <block type="controls_for" id="Yw1@2v;%*RLm1(W3!dY3">
                                    <field name="VAR" id="AklaNK?n}#.5jal}mI$R" variabletype="">pixel</field>
                                    <value name="FROM">
                                      <block type="math_number" id="([-:ip{6zK*[qQlzCpcK">
                                        <field name="NUM">0</field>
                                      </block>
                                    </value>
                                    <value name="TO">
                                      <block type="math_number" id="!JnQ(}B}%;!6gy[(Zn}U">
                                        <field name="NUM">24</field>
                                      </block>
                                    </value>
                                    <value name="BY">
                                      <block type="math_number" id="+cWVQr]T!%HI.G8hB%oj">
                                        <field name="NUM">1</field>
                                      </block>
                                    </value>
                                    <statement name="DO">
                                      <block type="set_pixel_color_rgb" id="b:SIKKhIAgk)WdNrj,XW">
                                        <field name="PIN">3</field>
                                        <value name="PXNUMBER">
                                          <block type="variables_get" id="-.!Fs,f4J,P.TGME3_|(">
                                            <field name="VAR" id="AklaNK?n}#.5jal}mI$R" variabletype="">pixel</field>
                                          </block>
                                        </value>
                                        <value name="RED">
                                          <block type="variables_get" id="x%V[!7t9mFlPW[-ybJMj">
                                            <field name="VAR" id="rGTU*IDbEu$0loM?DIB6" variabletype="">red</field>
                                          </block>
                                        </value>
                                        <value name="GREEN">
                                          <block type="variables_get" id="1usGOeL:E@o={NMuawDZ">
                                            <field name="VAR" id="t#)bEmKT6ijDQeSb~f`e" variabletype="">green</field>
                                          </block>
                                        </value>
                                        <value name="BLUE">
                                          <block type="variables_get" id="5$@t_Nr9yo{..s]w/QRi">
                                            <field name="VAR" id="xeIC0f~FpT`J,?Tx;=gY" variabletype="">blue</field>
                                          </block>
                                        </value>
                                      </block>
                                    </statement>
                                    <next>
                                      <block type="neopixel_show" id="}e87fFEC#3]Ka:u}E8DQ">
                                        <field name="PIN">3</field>
                                        <next>
                                          <block type="base_delay" id="EE@3d%]Yt(FgJUa7xw`Z">
                                            <value name="DELAY_TIME">
                                              <block type="math_number" id="#QOI2?~g-u8h,Il?80ya">
                                                <field name="NUM">200</field>
                                              </block>
                                            </value>
                                          </block>
                                        </next>
                                      </block>
                                    </next>
                                  </block>
                                </next>
                              </block>
                            </next>
                          </block>
                        </next>
                      </block>
                    </statement>
                    <next>
                      <block type="controls_whileUntil" id="@iQKNdKC5$o[nO}.wVSq">
                        <field name="MODE">WHILE</field>
                        <value name="BOOL">
                          <block type="logic_compare" id=":XN)`l~IMyvcZ-)hxnfI">
                            <field name="OP">GT</field>
                            <value name="A">
                              <block type="variables_get" id="9;sEg;y60%{r}u${hrP5">
                                <field name="VAR" id="rGTU*IDbEu$0loM?DIB6" variabletype="">red</field>
                              </block>
                            </value>
                            <value name="B">
                              <block type="math_number" id="uXCHWws-#y6tC9C;K[x/">
                                <field name="NUM">0</field>
                              </block>
                            </value>
                          </block>
                        </value>
                        <statement name="DO">
                          <block type="variables_set" id="6u82;}I$6[W!wy65w*:!">
                            <field name="VAR" id="rGTU*IDbEu$0loM?DIB6" variabletype="">red</field>
                            <value name="VALUE">
                              <block type="math_arithmetic" id="TUeFd|V.mthLem?f5qO9">
                                <field name="OP">MINUS</field>
                                <value name="A">
                                  <block type="variables_get" id="P[fZ#1G7pNUo+{%s%,|m">
                                    <field name="VAR" id="rGTU*IDbEu$0loM?DIB6" variabletype="">red</field>
                                  </block>
                                </value>
                                <value name="B">
                                  <block type="math_number" id="t)6N5Ju2,I^yS?+gxHbA">
                                    <field name="NUM">19</field>
                                  </block>
                                </value>
                              </block>
                            </value>
                            <next>
                              <block type="variables_set" id="TBq%7okNs$Mb_e5JrQLO">
                                <field name="VAR" id="t#)bEmKT6ijDQeSb~f`e" variabletype="">green</field>
                                <value name="VALUE">
                                  <block type="math_arithmetic" id="lr4o6LX|I`,lj~l#vI*W">
                                    <field name="OP">MINUS</field>
                                    <value name="A">
                                      <block type="variables_get" id="eoRRb@~jA$FYb-1N@DC.">
                                        <field name="VAR" id="t#)bEmKT6ijDQeSb~f`e" variabletype="">green</field>
                                      </block>
                                    </value>
                                    <value name="B">
                                      <block type="math_number" id="34P{vW^*#/D2[e2n)(#c">
                                        <field name="NUM">25</field>
                                      </block>
                                    </value>
                                  </block>
                                </value>
                                <next>
                                  <block type="variables_set" id="j=BmuunA}.GR-}v]fch0">
                                    <field name="VAR" id="xeIC0f~FpT`J,?Tx;=gY" variabletype="">blue</field>
                                    <value name="VALUE">
                                      <block type="math_arithmetic" id="Y.dcM2w!O3o$#wc2`LpA">
                                        <field name="OP">MINUS</field>
                                        <value name="A">
                                          <block type="variables_get" id="TBII?S-li8?a.GN=+5eS">
                                            <field name="VAR" id="xeIC0f~FpT`J,?Tx;=gY" variabletype="">blue</field>
                                          </block>
                                        </value>
                                        <value name="B">
                                          <block type="math_number" id="OG0Rmm%$3W1~UpI|-}Fu">
                                            <field name="NUM">16</field>
                                          </block>
                                        </value>
                                      </block>
                                    </value>
                                    <next>
                                      <block type="controls_for" id="qHJwJB[|/~zVhV@BCaEa">
                                        <field name="VAR" id="AklaNK?n}#.5jal}mI$R" variabletype="">pixel</field>
                                        <value name="FROM">
                                          <block type="math_number" id="S!zn,a!iU9UAs4?1P)UJ">
                                            <field name="NUM">0</field>
                                          </block>
                                        </value>
                                        <value name="TO">
                                          <block type="math_number" id="wS~+7WOkS}o*/lUaPH6!">
                                            <field name="NUM">24</field>
                                          </block>
                                        </value>
                                        <value name="BY">
                                          <block type="math_number" id="i?!,:+;dRRp2V)`a0$D$">
                                            <field name="NUM">1</field>
                                          </block>
                                        </value>
                                        <statement name="DO">
                                          <block type="set_pixel_color_rgb" id="M]JM;sj44RCM2M|ffLp#">
                                            <field name="PIN">3</field>
                                            <value name="PXNUMBER">
                                              <block type="variables_get" id="4AZYhWnFUq{VnyJkL(7+">
                                                <field name="VAR" id="AklaNK?n}#.5jal}mI$R" variabletype="">pixel</field>
                                              </block>
                                            </value>
                                            <value name="RED">
                                              <block type="variables_get" id="Wvi8jZKgezy0^1]CA]q9">
                                                <field name="VAR" id="rGTU*IDbEu$0loM?DIB6" variabletype="">red</field>
                                              </block>
                                            </value>
                                            <value name="GREEN">
                                              <block type="variables_get" id="lj|c5%w~*.gfU14H0f`7">
                                                <field name="VAR" id="t#)bEmKT6ijDQeSb~f`e" variabletype="">green</field>
                                              </block>
                                            </value>
                                            <value name="BLUE">
                                              <block type="variables_get" id="P2LWz^VCCA^]$CwvYf%#">
                                                <field name="VAR" id="xeIC0f~FpT`J,?Tx;=gY" variabletype="">blue</field>
                                              </block>
                                            </value>
                                          </block>
                                        </statement>
                                        <next>
                                          <block type="neopixel_show" id="g}n94){x{(xHIln:o3QM">
                                            <field name="PIN">3</field>
                                            <next>
                                              <block type="base_delay" id="xSAX^/@7%qb*OL750#nP">
                                                <value name="DELAY_TIME">
                                                  <block type="math_number" id="VVB:/$$7lb}+z0kHoD/W">
                                                    <field name="NUM">200</field>
                                                  </block>
                                                </value>
                                              </block>
                                            </next>
                                          </block>
                                        </next>
                                      </block>
                                    </next>
                                  </block>
                                </next>
                              </block>
                            </next>
                          </block>
                        </statement>
                      </block>
                    </next>
                  </block>
                </next>
              </block>
            </next>
          </block>
        </next>
      </block>
    </statement>
  </block>
</xml>