<xml xmlns="http://www.w3.org/1999/xhtml">
  <variables>
    <variable type="" id="|J,$x-n5/-Q.zU^91jj@">laura wetter c</variable>
    <variable type="" id="HBb+)eP?G;uN0QhJQ+wm">wolkenlage</variable>
    <variable type="" id="M]G[]M_0xG/i?X(fvO`k">laura wetter</variable>
    <variable type="" id="L${CV56VKb{nG-wGr!Rn">j</variable>
    <variable type="" id="=(vm95jppJBuUK=,8SNk">k</variable>
  </variables>
  <block type="arduino_functions" id="~MJ!GGRg%}dM9x15re21" x="-12" y="-176">
    <statement name="SETUP_FUNC">
      <block type="connect_wifi" id="~MTf7To~eH(LxZ*$-CQK">
        <next>
          <block type="setup_neopixel_de" id="HRadL7ymfdZ;!*XV3;/3">
            <field name="PIN">D4</field>
            <field name="TYPE1">NEO_GRB</field>
            <field name="TYPE2">NEO_KHZ800</field>
            <value name="LEDNUM">
              <block type="math_number" id="ndZQoK8d4kU`ICLSy@ex">
                <field name="NUM">2</field>
              </block>
            </value>
            <next>
              <block type="set_neopixel_brightness_de" id="PrnVJ_$PVQ)-Y=LS~1F`">
                <field name="PIN">D4</field>
                <value name="BRIGHTNESS">
                  <block type="math_number" id="S4:+kRRO3Y+b/7^Fh3?%">
                    <field name="NUM">200</field>
                  </block>
                </value>
                <next>
                  <block type="connect_display_tm_de" id="NzHE7V#*!iwl3/w#dd/I">
                    <field name="clkpin">D1</field>
                    <field name="diopin">D2</field>
                  </block>
                </next>
              </block>
            </next>
          </block>
        </next>
      </block>
    </statement>
    <statement name="LOOP_FUNC">
      <block type="variables_set" id="=b{%;[,AA5fjHubKh|8N">
        <field name="VAR" id="|J,$x-n5/-Q.zU^91jj@" variabletype="">laura wetter c</field>
        <value name="VALUE">
          <block type="getcurrentWeathercondition" id=".YVc)o0Pln)n?*0mN=YO">
            <field name="WEATHER">Temp</field>
          </block>
        </value>
        <next>
          <block type="variables_set" id="R?B7D7r!GuJP(s{cwe}}">
            <field name="VAR" id="M]G[]M_0xG/i?X(fvO`k" variabletype="">laura wetter</field>
            <value name="VALUE">
              <block type="getWeatherforecast" id="I{FQUn/tA#*Xqfy!XuH4">
                <field name="TIME">1</field>
                <field name="WEATHER">Condition</field>
              </block>
            </value>
            <next>
              <block type="show_number_dec_de" id=".I8dq3h0zdh4#OY/@)8T">
                <value name="number">
                  <block type="variables_get" id="_fqJS~KDSAE#Im8$OUeR">
                    <field name="VAR" id="|J,$x-n5/-Q.zU^91jj@" variabletype="">laura wetter c</field>
                  </block>
                </value>
                <next>
                  <block type="serial_print_de" id=":4sOas=Zx{)Pcwx_}nMy">
                    <value name="CONTENT">
                      <block type="variables_get" id="uk.9mgqh;Neoq6+^.*y`">
                        <field name="VAR" id="M]G[]M_0xG/i?X(fvO`k" variabletype="">laura wetter</field>
                      </block>
                    </value>
                    <next>
                      <block type="controls_if" id="jLNU%zNT$;Dv^E*5qCl^">
                        <mutation elseif="1"></mutation>
                        <value name="IF0">
                          <block type="logic_compare" id="1cnFVJYjZNgJVa?NylZ{">
                            <field name="OP">EQ</field>
                            <value name="A">
                              <block type="variables_get" id="./]sEYUYfmp~x(saiI#d">
                                <field name="VAR" id="M]G[]M_0xG/i?X(fvO`k" variabletype="">laura wetter</field>
                              </block>
                            </value>
                            <value name="B">
                              <block type="math_number" id="_#n|3|}dC}267(r,m7k-">
                                <field name="NUM">5</field>
                              </block>
                            </value>
                          </block>
                        </value>
                        <statement name="DO0">
                          <block type="controls_for" id="zRt-}Vn8qH~,|9.$#O{%">
                            <field name="VAR" id="L${CV56VKb{nG-wGr!Rn" variabletype="">j</field>
                            <value name="FROM">
                              <block type="math_number" id="{t]1~{5M7TQ{EC)L1`2A">
                                <field name="NUM">0</field>
                              </block>
                            </value>
                            <value name="TO">
                              <block type="math_number" id="Z(4,GdWvcT9WG{3qG/t-">
                                <field name="NUM">1</field>
                              </block>
                            </value>
                            <value name="BY">
                              <block type="math_number" id=")3I,^fgQ;.d^#:IU].~p">
                                <field name="NUM">1</field>
                              </block>
                            </value>
                            <statement name="DO">
                              <block type="set_pixel_color_rgb_de" id="s$p!U-Q/GH+W|Z,UFSH;">
                                <field name="PIN">D4</field>
                                <value name="PXNUMBER">
                                  <block type="variables_get" id="yJ^XtP{v-x#A[$@5p6k0">
                                    <field name="VAR" id="L${CV56VKb{nG-wGr!Rn" variabletype="">j</field>
                                  </block>
                                </value>
                                <value name="RED">
                                  <block type="math_number" id="%4oW|#Q2`@(*|~3~F[6U">
                                    <field name="NUM">0</field>
                                  </block>
                                </value>
                                <value name="GREEN">
                                  <block type="math_number" id="`2H0h@dedtNbk5dQy4)L">
                                    <field name="NUM">200</field>
                                  </block>
                                </value>
                                <value name="BLUE">
                                  <block type="math_number" id="@rSg!Tx%[_9Jj*}f6zoF">
                                    <field name="NUM">0</field>
                                  </block>
                                </value>
                                <next>
                                  <block type="neopixel_show_de" id="HRApS01utgfqIO5t[CY,">
                                    <field name="PIN">D4</field>
                                    <next>
                                      <block type="base_delay_de" id="4Yj-Z^7gDr^9OQ:fnWD1">
                                        <value name="DELAY_TIME">
                                          <block type="math_number" id="xr@cC9z`?t}##.-3,7`0">
                                            <field name="NUM">1000</field>
                                          </block>
                                        </value>
                                      </block>
                                    </next>
                                  </block>
                                </next>
                              </block>
                            </statement>
                          </block>
                        </statement>
                        <value name="IF1">
                          <block type="logic_compare" id="TN|?(_g.r0k4AK5/t;st">
                            <field name="OP">EQ</field>
                            <value name="A">
                              <block type="variables_get" id="9+UX*~L61jWLDr_x/@jA">
                                <field name="VAR" id="M]G[]M_0xG/i?X(fvO`k" variabletype="">laura wetter</field>
                              </block>
                            </value>
                            <value name="B">
                              <block type="math_number" id="rWpg*gRt_MZ2,aAg/35C">
                                <field name="NUM">2</field>
                              </block>
                            </value>
                          </block>
                        </value>
                        <statement name="DO1">
                          <block type="controls_for" id="h450hXk%vXs;!I[Ez@ed">
                            <field name="VAR" id="L${CV56VKb{nG-wGr!Rn" variabletype="">j</field>
                            <value name="FROM">
                              <block type="math_number" id="?QYTYkl(X$lxfri/Tvr,">
                                <field name="NUM">0</field>
                              </block>
                            </value>
                            <value name="TO">
                              <block type="math_number" id="75Zf*K[f$Y7KRBiKP$%Z">
                                <field name="NUM">1</field>
                              </block>
                            </value>
                            <value name="BY">
                              <block type="math_number" id="HG%;~U7Zr5r@2/NK+;|r">
                                <field name="NUM">1</field>
                              </block>
                            </value>
                            <statement name="DO">
                              <block type="set_pixel_color_rgb_de" id="/oT#r3@RYbDx52!3Ees.">
                                <field name="PIN">D4</field>
                                <value name="PXNUMBER">
                                  <block type="variables_get" id="=VN;i(VrwsyP4*~So)/e">
                                    <field name="VAR" id="L${CV56VKb{nG-wGr!Rn" variabletype="">j</field>
                                  </block>
                                </value>
                                <value name="RED">
                                  <block type="math_number" id="Pw(Mfc]So]{MnYI#K@$y">
                                    <field name="NUM">0</field>
                                  </block>
                                </value>
                                <value name="GREEN">
                                  <block type="math_number" id="Ya.?!vI-@]},z.uD)d2b">
                                    <field name="NUM">200</field>
                                  </block>
                                </value>
                                <value name="BLUE">
                                  <block type="math_number" id="XRQCEQe#XV}RGlzUO)Lf">
                                    <field name="NUM">0</field>
                                  </block>
                                </value>
                                <next>
                                  <block type="neopixel_show_de" id="rOP2SV6kn9`Pgn;*[P_9">
                                    <field name="PIN">D4</field>
                                    <next>
                                      <block type="base_delay_de" id="}2Ki3xmrc[=LO]hrpriz">
                                        <value name="DELAY_TIME">
                                          <block type="math_number" id="U@/Xd|o;[kdp5i6H=W_E">
                                            <field name="NUM">1000</field>
                                          </block>
                                        </value>
                                      </block>
                                    </next>
                                  </block>
                                </next>
                              </block>
                            </statement>
                          </block>
                        </statement>
                        <next>
                          <block type="controls_if" id="q#dc$5.,Owh=rMgI?VbQ">
                            <mutation elseif="1"></mutation>
                            <value name="IF0">
                              <block type="logic_compare" id="6DYUudRdtRS#;!:6P)%x">
                                <field name="OP">EQ</field>
                                <value name="A">
                                  <block type="variables_get" id="{}/?sa2,5bNH0PPbH=_J">
                                    <field name="VAR" id="M]G[]M_0xG/i?X(fvO`k" variabletype="">laura wetter</field>
                                  </block>
                                </value>
                                <value name="B">
                                  <block type="math_number" id="NBf.ZU4=cw/h2N})gQMI">
                                    <field name="NUM">8</field>
                                  </block>
                                </value>
                              </block>
                            </value>
                            <statement name="DO0">
                              <block type="controls_for" id="QVJ^lj/oM0;JUv5WE3=c">
                                <field name="VAR" id="L${CV56VKb{nG-wGr!Rn" variabletype="">j</field>
                                <value name="FROM">
                                  <block type="math_number" id=":;x!Rtq7q0Pir}Jl#8r]">
                                    <field name="NUM">0</field>
                                  </block>
                                </value>
                                <value name="TO">
                                  <block type="math_number" id="T8:ii9dJo=v;6T?d*sXO">
                                    <field name="NUM">1</field>
                                  </block>
                                </value>
                                <value name="BY">
                                  <block type="math_number" id="{8MIC7`0[$HB5/gd}lhe">
                                    <field name="NUM">1</field>
                                  </block>
                                </value>
                                <statement name="DO">
                                  <block type="set_pixel_color_rgb_de" id="=6#!6eziW^}XTXjdu+v9">
                                    <field name="PIN">D4</field>
                                    <value name="PXNUMBER">
                                      <block type="variables_get" id="k@iFKPR-`},UGyj#ra:Z">
                                        <field name="VAR" id="L${CV56VKb{nG-wGr!Rn" variabletype="">j</field>
                                      </block>
                                    </value>
                                    <value name="RED">
                                      <block type="math_number" id="Z4dI]%lsA2^)?=FY/-Y;">
                                        <field name="NUM">200</field>
                                      </block>
                                    </value>
                                    <value name="GREEN">
                                      <block type="math_number" id="W!oWT{NbFcw,6r=Uf-`w">
                                        <field name="NUM">0</field>
                                      </block>
                                    </value>
                                    <value name="BLUE">
                                      <block type="math_number" id="7KsyXo0cW:8zLmK(j2Uh">
                                        <field name="NUM">0</field>
                                      </block>
                                    </value>
                                    <next>
                                      <block type="neopixel_show_de" id="]x:lt(Yx@bmalIwYCvw0">
                                        <field name="PIN">D4</field>
                                        <next>
                                          <block type="base_delay_de" id="_H]k1Av_W3QUL6c4!jo:">
                                            <value name="DELAY_TIME">
                                              <block type="math_number" id="|y1e8%`VjWb72isyvFl2">
                                                <field name="NUM">1000</field>
                                              </block>
                                            </value>
                                          </block>
                                        </next>
                                      </block>
                                    </next>
                                  </block>
                                </statement>
                              </block>
                            </statement>
                            <value name="IF1">
                              <block type="logic_compare" id="JHY~a~N|PEQm%7GX(pD]">
                                <field name="OP">EQ</field>
                                <value name="A">
                                  <block type="variables_get" id="_QH*`12-%AIh$[(7avF(">
                                    <field name="VAR" id="M]G[]M_0xG/i?X(fvO`k" variabletype="">laura wetter</field>
                                  </block>
                                </value>
                                <value name="B">
                                  <block type="math_number" id="yWR(%S+o+3i~m_LP@Zar">
                                    <field name="NUM">9</field>
                                  </block>
                                </value>
                              </block>
                            </value>
                            <statement name="DO1">
                              <block type="controls_for" id="}lI=,V5hM!BC/CW|7Bf6">
                                <field name="VAR" id="L${CV56VKb{nG-wGr!Rn" variabletype="">j</field>
                                <value name="FROM">
                                  <block type="math_number" id="-[rk2g@`h934HWuyf_B)">
                                    <field name="NUM">0</field>
                                  </block>
                                </value>
                                <value name="TO">
                                  <block type="math_number" id="sg*,rzRZ8FDkk~_$mp7t">
                                    <field name="NUM">1</field>
                                  </block>
                                </value>
                                <value name="BY">
                                  <block type="math_number" id="Y4YG=+zsp7T^ELQN@ajY">
                                    <field name="NUM">1</field>
                                  </block>
                                </value>
                                <statement name="DO">
                                  <block type="set_pixel_color_rgb_de" id="fF$bgAN@;hbz9Y]swWYC">
                                    <field name="PIN">D4</field>
                                    <value name="PXNUMBER">
                                      <block type="variables_get" id="kB:q@h7xN(G02~5Xp{=@">
                                        <field name="VAR" id="L${CV56VKb{nG-wGr!Rn" variabletype="">j</field>
                                      </block>
                                    </value>
                                    <value name="RED">
                                      <block type="math_number" id="Wv8GR(:H:_1UD[HU,}DW">
                                        <field name="NUM">200</field>
                                      </block>
                                    </value>
                                    <value name="GREEN">
                                      <block type="math_number" id="TWt4mycnj85itT}h#`ja">
                                        <field name="NUM">0</field>
                                      </block>
                                    </value>
                                    <value name="BLUE">
                                      <block type="math_number" id="EZ`%[V^Np8N7^-ifIHb1">
                                        <field name="NUM">0</field>
                                      </block>
                                    </value>
                                    <next>
                                      <block type="neopixel_show_de" id="be*3h8@,:z%O5,_wt=6;">
                                        <field name="PIN">D4</field>
                                        <next>
                                          <block type="base_delay_de" id="/hAy@bW,zUuM;[Q[^7tr">
                                            <value name="DELAY_TIME">
                                              <block type="math_number" id="L=ilKnYiZ:jJ_m,acmG9">
                                                <field name="NUM">1000</field>
                                              </block>
                                            </value>
                                          </block>
                                        </next>
                                      </block>
                                    </next>
                                  </block>
                                </statement>
                              </block>
                            </statement>
                            <next>
                              <block type="controls_if" id="7ihYxA|K?)4?$F`MKz:h">
                                <mutation elseif="1"></mutation>
                                <value name="IF0">
                                  <block type="logic_compare" id="zr/2wGnafdk$L5v@M03h">
                                    <field name="OP">EQ</field>
                                    <value name="A">
                                      <block type="variables_get" id="fO_9YZaMLy;/oC|Kkngp">
                                        <field name="VAR" id="M]G[]M_0xG/i?X(fvO`k" variabletype="">laura wetter</field>
                                      </block>
                                    </value>
                                    <value name="B">
                                      <block type="math_number" id="HmC4$T2yz#w9z+4Gn!)m">
                                        <field name="NUM">3</field>
                                      </block>
                                    </value>
                                  </block>
                                </value>
                                <statement name="DO0">
                                  <block type="controls_for" id="LqtQ/(R7;x$!Gz4fYTEm">
                                    <field name="VAR" id="L${CV56VKb{nG-wGr!Rn" variabletype="">j</field>
                                    <value name="FROM">
                                      <block type="math_number" id="cBUH;)9soq$hb7]X8$:E">
                                        <field name="NUM">0</field>
                                      </block>
                                    </value>
                                    <value name="TO">
                                      <block type="math_number" id="hb0^8,j2PK.2?)DiuBN|">
                                        <field name="NUM">1</field>
                                      </block>
                                    </value>
                                    <value name="BY">
                                      <block type="math_number" id="bKr*Fl_JHEz=_|m2#N5p">
                                        <field name="NUM">1</field>
                                      </block>
                                    </value>
                                    <statement name="DO">
                                      <block type="set_pixel_color_rgb_de" id="WN*1.?7/b9,YD82ZNNvw">
                                        <field name="PIN">D4</field>
                                        <value name="PXNUMBER">
                                          <block type="variables_get" id="8m*1#)Ta;cFe*vK2%;7c">
                                            <field name="VAR" id="L${CV56VKb{nG-wGr!Rn" variabletype="">j</field>
                                          </block>
                                        </value>
                                        <value name="RED">
                                          <block type="math_number" id="BhQ~4.FLr:S;h%_7YQXe">
                                            <field name="NUM">0</field>
                                          </block>
                                        </value>
                                        <value name="GREEN">
                                          <block type="math_number" id="-,w.N{FK4JJoVz@1L#!_">
                                            <field name="NUM">200</field>
                                          </block>
                                        </value>
                                        <value name="BLUE">
                                          <block type="math_number" id="yV1Xo{W3]m4|IiW7DkZ,">
                                            <field name="NUM">0</field>
                                          </block>
                                        </value>
                                        <next>
                                          <block type="neopixel_show_de" id="LReMlc5YG0t*h=^8N4./">
                                            <field name="PIN">D4</field>
                                            <next>
                                              <block type="base_delay_de" id="[5_TI8d?53H,LUC6s*X!">
                                                <value name="DELAY_TIME">
                                                  <block type="math_number" id="IKUIlL;WnF6|_06h35#D">
                                                    <field name="NUM">1000</field>
                                                  </block>
                                                </value>
                                              </block>
                                            </next>
                                          </block>
                                        </next>
                                      </block>
                                    </statement>
                                  </block>
                                </statement>
                                <value name="IF1">
                                  <block type="logic_compare" id="11cT)RGwAlCK2T!gm|6n">
                                    <field name="OP">EQ</field>
                                    <value name="A">
                                      <block type="variables_get" id="DJOQq0!Fny}#qOQ0?[Vl">
                                        <field name="VAR" id="M]G[]M_0xG/i?X(fvO`k" variabletype="">laura wetter</field>
                                      </block>
                                    </value>
                                    <value name="B">
                                      <block type="math_number" id="Py#Lp8A?BA+mo*f41a]a">
                                        <field name="NUM">6</field>
                                      </block>
                                    </value>
                                  </block>
                                </value>
                                <statement name="DO1">
                                  <block type="controls_for" id="}O$3ee4NnW{?TR6/IT4a">
                                    <field name="VAR" id="L${CV56VKb{nG-wGr!Rn" variabletype="">j</field>
                                    <value name="FROM">
                                      <block type="math_number" id="PM1#l(QcoK#m[|cWeyj%">
                                        <field name="NUM">0</field>
                                      </block>
                                    </value>
                                    <value name="TO">
                                      <block type="math_number" id="O5,sX32O-N,Mo0KI9#xB">
                                        <field name="NUM">1</field>
                                      </block>
                                    </value>
                                    <value name="BY">
                                      <block type="math_number" id="w6I1wd}TFnP)FH=lc%L1">
                                        <field name="NUM">1</field>
                                      </block>
                                    </value>
                                    <statement name="DO">
                                      <block type="set_pixel_color_rgb_de" id="cAYMW-jS.pU`=mmT2!%f">
                                        <field name="PIN">D4</field>
                                        <value name="PXNUMBER">
                                          <block type="variables_get" id="kapR,T4VH0I0~vT`)UIX">
                                            <field name="VAR" id="L${CV56VKb{nG-wGr!Rn" variabletype="">j</field>
                                          </block>
                                        </value>
                                        <value name="RED">
                                          <block type="math_number" id="Qw4{#rZIrD~Ho8z(XDk*">
                                            <field name="NUM">200</field>
                                          </block>
                                        </value>
                                        <value name="GREEN">
                                          <block type="math_number" id="~7]mqRN*G~V!0+Z+O6Bv">
                                            <field name="NUM">200</field>
                                          </block>
                                        </value>
                                        <value name="BLUE">
                                          <block type="math_number" id="2I|RlD!+NYkVS9}_yi_~">
                                            <field name="NUM">200</field>
                                          </block>
                                        </value>
                                        <next>
                                          <block type="neopixel_show_de" id="a]e1`p*/lB_OH14#8_%+">
                                            <field name="PIN">D4</field>
                                            <next>
                                              <block type="base_delay_de" id="y_cr%Wk|%{MacVZgaaPa">
                                                <value name="DELAY_TIME">
                                                  <block type="math_number" id="C2:2JPAym|/EeagN_)-?">
                                                    <field name="NUM">1000</field>
                                                  </block>
                                                </value>
                                              </block>
                                            </next>
                                          </block>
                                        </next>
                                      </block>
                                    </statement>
                                  </block>
                                </statement>
                                <next>
                                  <block type="controls_if" id="0#br1bjO0Q=h1Vab+pS+">
                                    <value name="IF0">
                                      <block type="logic_compare" id="f2Aa1nE|7%Iz~ga5)wfS">
                                        <field name="OP">EQ</field>
                                        <value name="A">
                                          <block type="variables_get" id="!mn%lHej@aRg)nn_m@;^">
                                            <field name="VAR" id="M]G[]M_0xG/i?X(fvO`k" variabletype="">laura wetter</field>
                                          </block>
                                        </value>
                                        <value name="B">
                                          <block type="math_number" id="6RdkU:od]$N41Lo~P2F_">
                                            <field name="NUM">7</field>
                                          </block>
                                        </value>
                                      </block>
                                    </value>
                                    <statement name="DO0">
                                      <block type="controls_for" id="l#pKi4dw.)IQ~10BSP2k">
                                        <field name="VAR" id="L${CV56VKb{nG-wGr!Rn" variabletype="">j</field>
                                        <value name="FROM">
                                          <block type="math_number" id="R)@wXP.W{w]ZC4y}}Nu}">
                                            <field name="NUM">0</field>
                                          </block>
                                        </value>
                                        <value name="TO">
                                          <block type="math_number" id="4A6HHx#:B(omyevCv.|,">
                                            <field name="NUM">1</field>
                                          </block>
                                        </value>
                                        <value name="BY">
                                          <block type="math_number" id="#=NgL3jQ3VAHmI6P4wub">
                                            <field name="NUM">1</field>
                                          </block>
                                        </value>
                                        <statement name="DO">
                                          <block type="set_pixel_color_rgb_de" id="wU~{~=^}u_N,AE2ArK8;">
                                            <field name="PIN">D4</field>
                                            <value name="PXNUMBER">
                                              <block type="variables_get" id=";JxRKmq4x|VWM|+*m{Jb">
                                                <field name="VAR" id="L${CV56VKb{nG-wGr!Rn" variabletype="">j</field>
                                              </block>
                                            </value>
                                            <value name="RED">
                                              <block type="math_number" id="H8xGL]:oT=6i(R.F-U$o">
                                                <field name="NUM">200</field>
                                              </block>
                                            </value>
                                            <value name="GREEN">
                                              <block type="math_number" id="U~_A12K2k50ZFI*gPLYO">
                                                <field name="NUM">0</field>
                                              </block>
                                            </value>
                                            <value name="BLUE">
                                              <block type="math_number" id="VwVx1h|IsnCyVh-iYqhZ">
                                                <field name="NUM">0</field>
                                              </block>
                                            </value>
                                            <next>
                                              <block type="neopixel_show_de" id="^YULMuu^46STJ@Tg2:)J">
                                                <field name="PIN">D4</field>
                                                <next>
                                                  <block type="base_delay_de" id="]yA{{j@q:[6A!bL,f.=U">
                                                    <value name="DELAY_TIME">
                                                      <block type="math_number" id="S(GeApA=]eet@rOk]3G(">
                                                        <field name="NUM">1000</field>
                                                      </block>
                                                    </value>
                                                  </block>
                                                </next>
                                              </block>
                                            </next>
                                          </block>
                                        </statement>
                                      </block>
                                    </statement>
                                    <next>
                                      <block type="base_delay_de" id="yR-7#.UF{mJ)m%!@Dq|I">
                                        <value name="DELAY_TIME">
                                          <block type="math_number" id="x;3D9T4p[tUIgVx(/;Io">
                                            <field name="NUM">1000</field>
                                          </block>
                                        </value>
                                      </block>
                                    </next>
                                  </block>
                                </next>
                              </block>
                            </next>
                          </block>
                        </next>
                      </block>
                    </next>
                  </block>
                </next>
              </block>
            </next>
          </block>
        </next>
      </block>
    </statement>
  </block>
</xml>