<xml xmlns="http://www.w3.org/1999/xhtml">
  <variables>
    <variable type="" id="M,#Q__$9^O8oR]XJn]XX">wetter</variable>
    <variable type="" id="Mim05.Lhh4hCH];*ad-{">6</variable>
    <variable type="" id="lHcO4F19DR?g!HcEJmsn">9</variable>
    <variable type="" id=";RMe_Gy/jHWJz.`hooIN">i</variable>
    <variable type="" id="!P}bkKicwF()ebMRNbHT">j</variable>
    <variable type="" id="KwlgR6XH+Sr`u6R+D@j)">k</variable>
    <variable type="" id="f{MRSu!.99hL::}|=Hoo">m</variable>
    <variable type="" id="mNGrcdn+}gN4;Q!Mm1dK">n</variable>
    <variable type="" id="[Vs--8%_/Y^.+bf`or%8">gewitter</variable>
    <variable type="" id="Ab-Jf_E-G^UHQ$^xGJP=">temp</variable>
    <variable type="" id="UKnCZt/1^3XoXiI:b@Kb">o</variable>
    <variable type="" id="YGw0gq!BfQRF[UkmyKU+">p</variable>
    <variable type="" id="+PX5LD7D2B4Fsr/j%3JY">q</variable>
    <variable type="" id="UqU,9hyGy6X4M(/y3Pqg">r</variable>
    <variable type="" id="_y^~Gi0.Zsw(na7Y=BdA">s</variable>
  </variables>
  <block type="arduino_functions" id="X+(c(Gz$bK[;I?+p/`5_" x="-73" y="-52">
    <statement name="SETUP_FUNC">
      <block type="connect_wifi" id="QMZxZv!_|RpGOB~nap8w">
        <next>
          <block type="setup_neopixel_de" id="/rt^HdAC,`B6,TrNh^~2">
            <field name="PIN">D3</field>
            <field name="TYPE1">NEO_GRB</field>
            <field name="TYPE2">NEO_KHZ800</field>
            <value name="LEDNUM">
              <block type="math_number" id="ecP-#SSI_?Q%D#({m#x#">
                <field name="NUM">32</field>
              </block>
            </value>
            <next>
              <block type="set_neopixel_brightness_de" id="H=7i|!/snC_-P*jOFHrZ">
                <field name="PIN">D3</field>
                <value name="BRIGHTNESS">
                  <block type="math_number" id="WnJIU`xcju[lLBMm@,AO">
                    <field name="NUM">255</field>
                  </block>
                </value>
              </block>
            </next>
          </block>
        </next>
      </block>
    </statement>
    <statement name="LOOP_FUNC">
      <block type="variables_set" id="SX|Ko_Ur:F3*8.qbIyR|">
        <field name="VAR" id="M,#Q__$9^O8oR]XJn]XX" variabletype="">wetter</field>
        <value name="VALUE">
          <block type="getcurrentWeathercondition" id="Q{#ofRlG+Tr@Y/jPpK5~">
            <field name="WEATHER">Condition</field>
          </block>
        </value>
        <next>
          <block type="serial_print" id="FVZ(B?)=FL2:[M:SPPgf">
            <value name="CONTENT">
              <block type="variables_get" id="(!i~[d#-$,.M:Y0]1NYR">
                <field name="VAR" id="M,#Q__$9^O8oR]XJn]XX" variabletype="">wetter</field>
              </block>
            </value>
            <next>
              <block type="controls_if" id="`!6SCl}|d*[h)XPZ~udi">
                <value name="IF0">
                  <block type="logic_compare" id="LclrQO,AtpWbE:(e4Bc/">
                    <field name="OP">EQ</field>
                    <value name="A">
                      <block type="math_number" id="/FeEQ17S1S2DIsEIY2}i">
                        <field name="NUM">6</field>
                      </block>
                    </value>
                    <value name="B">
                      <block type="variables_get" id="eTAoIqcPZEV}]Y9BW(Z}">
                        <field name="VAR" id="M,#Q__$9^O8oR]XJn]XX" variabletype="">wetter</field>
                      </block>
                    </value>
                  </block>
                </value>
                <statement name="DO0">
                  <block type="controls_for" id="+1,M^FO,iA|1QZ99[BL|">
                    <field name="VAR" id=";RMe_Gy/jHWJz.`hooIN" variabletype="">i</field>
                    <value name="FROM">
                      <block type="math_number" id="O4Fw!%L`EpP^Wh-*@xT.">
                        <field name="NUM">1</field>
                      </block>
                    </value>
                    <value name="TO">
                      <block type="math_number" id="d3WKm^W#h#3CyaY$N,;V">
                        <field name="NUM">8</field>
                      </block>
                    </value>
                    <value name="BY">
                      <block type="math_number" id="*+@F|uzLo:TsPNJ44T1@">
                        <field name="NUM">1</field>
                      </block>
                    </value>
                    <statement name="DO">
                      <block type="set_pixel_color_rgb_de" id="ffIJGs?!Cu|W4ZoYu6??">
                        <field name="PIN">D3</field>
                        <value name="PXNUMBER">
                          <block type="variables_get" id="0GN-SQ)=8*!h,a-$|~jz">
                            <field name="VAR" id=";RMe_Gy/jHWJz.`hooIN" variabletype="">i</field>
                          </block>
                        </value>
                        <value name="RED">
                          <block type="math_number" id="@5~{;%~]]Ch4odseG!R^">
                            <field name="NUM">0</field>
                          </block>
                        </value>
                        <value name="GREEN">
                          <block type="math_number" id="yn9YKV-|c^}TE]hUxyNo">
                            <field name="NUM">200</field>
                          </block>
                        </value>
                        <value name="BLUE">
                          <block type="math_number" id=";UK|D,V[Q+7W*?@zp+R1">
                            <field name="NUM">150</field>
                          </block>
                        </value>
                        <next>
                          <block type="neopixel_show_de" id="s)TeIqTf[W=h)BBF~DsT">
                            <field name="PIN">D3</field>
                          </block>
                        </next>
                      </block>
                    </statement>
                  </block>
                </statement>
                <next>
                  <block type="controls_if" id="?ar{?l)Ew*@uk85lEF}F">
                    <value name="IF0">
                      <block type="logic_compare" id="i1%gSv6D=W-XfCB,q35g">
                        <field name="OP">EQ</field>
                        <value name="A">
                          <block type="variables_get" id="|FgTuqR:ZDQO6M4zgq*D">
                            <field name="VAR" id="M,#Q__$9^O8oR]XJn]XX" variabletype="">wetter</field>
                          </block>
                        </value>
                        <value name="B">
                          <block type="math_number" id="dR:cw*-S#kZ|M}-MPi8H">
                            <field name="NUM">9</field>
                          </block>
                        </value>
                      </block>
                    </value>
                    <statement name="DO0">
                      <block type="controls_for" id=".{%0yBsWxVMWGza#apyB">
                        <field name="VAR" id=";RMe_Gy/jHWJz.`hooIN" variabletype="">i</field>
                        <value name="FROM">
                          <block type="math_number" id="6vOqC^c7F[?/0h.fe{H2">
                            <field name="NUM">8</field>
                          </block>
                        </value>
                        <value name="TO">
                          <block type="math_number" id="24nQ7csrzl`^wk%7y0*!">
                            <field name="NUM">15</field>
                          </block>
                        </value>
                        <value name="BY">
                          <block type="math_number" id="J=M.5DQIm5OfLmzkgohG">
                            <field name="NUM">1</field>
                          </block>
                        </value>
                        <statement name="DO">
                          <block type="set_pixel_color_rgb_de" id="wY1+Iw;L4qKSF#2.)O6f">
                            <field name="PIN">D3</field>
                            <value name="PXNUMBER">
                              <block type="variables_get" id="}%W0FOsT`5qp5;XLGeZW">
                                <field name="VAR" id=";RMe_Gy/jHWJz.`hooIN" variabletype="">i</field>
                              </block>
                            </value>
                            <value name="RED">
                              <block type="math_number" id="iiaiLwN.!5`k?*po$YiO">
                                <field name="NUM">255</field>
                              </block>
                            </value>
                            <value name="GREEN">
                              <block type="math_number" id="H(5}tPPI^2.8wBH+/X_R">
                                <field name="NUM">255</field>
                              </block>
                            </value>
                            <value name="BLUE">
                              <block type="math_number" id="z+a#h(PI%I_~-F_@:8us">
                                <field name="NUM">0</field>
                              </block>
                            </value>
                            <next>
                              <block type="neopixel_show_de" id="z-m(_[*rG+p|6e.c+qfX">
                                <field name="PIN">D3</field>
                              </block>
                            </next>
                          </block>
                        </statement>
                      </block>
                    </statement>
                    <next>
                      <block type="controls_if" id="DyI@N.)8VJY5R64.Qd|4">
                        <value name="IF0">
                          <block type="logic_operation" id="]y}`5Inx9Lxh.%y]CM]V">
                            <field name="OP">OR</field>
                            <value name="A">
                              <block type="logic_compare" id="Ho7GTQW`fRY`FN;xMbQA">
                                <field name="OP">EQ</field>
                                <value name="A">
                                  <block type="math_number" id="v#+W1]y2*/9K6kb^dYv=">
                                    <field name="NUM">5</field>
                                  </block>
                                </value>
                                <value name="B">
                                  <block type="variables_get" id="!TaOV9]52lxMCbd{cOxQ">
                                    <field name="VAR" id="M,#Q__$9^O8oR]XJn]XX" variabletype="">wetter</field>
                                  </block>
                                </value>
                              </block>
                            </value>
                            <value name="B">
                              <block type="logic_compare" id="`7O9?|E~6y(tId5|vj/H">
                                <field name="OP">EQ</field>
                                <value name="A">
                                  <block type="math_number" id="WkMOBR4g7lI|+S3LNJAX">
                                    <field name="NUM">2</field>
                                  </block>
                                </value>
                                <value name="B">
                                  <block type="variables_get" id="{FxFY{z[e$o`8:*66pg7">
                                    <field name="VAR" id="M,#Q__$9^O8oR]XJn]XX" variabletype="">wetter</field>
                                  </block>
                                </value>
                              </block>
                            </value>
                          </block>
                        </value>
                        <statement name="DO0">
                          <block type="controls_for" id="BjJq?qC:nKlYy;osUk0t">
                            <field name="VAR" id=";RMe_Gy/jHWJz.`hooIN" variabletype="">i</field>
                            <value name="FROM">
                              <block type="math_number" id=",{4x9_$K;dojD/Dph2:;">
                                <field name="NUM">17</field>
                              </block>
                            </value>
                            <value name="TO">
                              <block type="math_number" id="seg=XU}Zq[3Z2:ma%.z!">
                                <field name="NUM">24</field>
                              </block>
                            </value>
                            <value name="BY">
                              <block type="math_number" id="e:CaR75Dcf-Fk)5m_F*H">
                                <field name="NUM">1</field>
                              </block>
                            </value>
                            <statement name="DO">
                              <block type="set_pixel_color_rgb_de" id="Tom(I:S:jHYAR=.NB+l0">
                                <field name="PIN">D3</field>
                                <value name="PXNUMBER">
                                  <block type="variables_get" id="*VY(ruxS[29xg/+z?ro|">
                                    <field name="VAR" id=";RMe_Gy/jHWJz.`hooIN" variabletype="">i</field>
                                  </block>
                                </value>
                                <value name="RED">
                                  <block type="math_number" id=":6AqC-^7(3rB8$d6F0;G">
                                    <field name="NUM">0</field>
                                  </block>
                                </value>
                                <value name="GREEN">
                                  <block type="math_number" id="#~^$R2Pwy7[zZ=YwZ|Cz">
                                    <field name="NUM">255</field>
                                  </block>
                                </value>
                                <value name="BLUE">
                                  <block type="math_number" id=")u@JxP;Pe{?YbUE/$b+P">
                                    <field name="NUM">225</field>
                                  </block>
                                </value>
                                <next>
                                  <block type="neopixel_show_de" id="(`8B:{%.uoIrV=*Ia@gf">
                                    <field name="PIN">D3</field>
                                    <next>
                                      <block type="base_delay" id="kmDZ8C(h$Tj?um%)#}if">
                                        <value name="DELAY_TIME">
                                          <block type="math_number" id="$Gl!GX]$Jb=h^8jh_Qhd">
                                            <field name="NUM">800</field>
                                          </block>
                                        </value>
                                      </block>
                                    </next>
                                  </block>
                                </next>
                              </block>
                            </statement>
                            <next>
                              <block type="controls_for" id="vDee}GAjsozVA|i!J@Cd">
                                <field name="VAR" id="mNGrcdn+}gN4;Q!Mm1dK" variabletype="">n</field>
                                <value name="FROM">
                                  <block type="math_number" id=":zxo:qie]+*K*az-tlLz">
                                    <field name="NUM">16</field>
                                  </block>
                                </value>
                                <value name="TO">
                                  <block type="math_number" id=":OeAqZ(.~J;_dCRC5lNm">
                                    <field name="NUM">23</field>
                                  </block>
                                </value>
                                <value name="BY">
                                  <block type="math_number" id="9=4aCO#G08mmE%ZFrvV#">
                                    <field name="NUM">1</field>
                                  </block>
                                </value>
                                <statement name="DO">
                                  <block type="set_pixel_color_rgb_de" id="tw#@o,GF:0E8Dn[Qgk/h">
                                    <field name="PIN">D3</field>
                                    <value name="PXNUMBER">
                                      <block type="variables_get" id="sXMAVzaem1dU$GU1?cQ~">
                                        <field name="VAR" id="mNGrcdn+}gN4;Q!Mm1dK" variabletype="">n</field>
                                      </block>
                                    </value>
                                    <value name="RED">
                                      <block type="math_number" id=",[!W~j(R/1+OLT^)sG(2">
                                        <field name="NUM">0</field>
                                      </block>
                                    </value>
                                    <value name="GREEN">
                                      <block type="math_number" id="(jEy?t3jG!MzBM~)+)f8">
                                        <field name="NUM">0</field>
                                      </block>
                                    </value>
                                    <value name="BLUE">
                                      <block type="math_number" id="B6$$+fQ`)i7)L/TDOuww">
                                        <field name="NUM">0</field>
                                      </block>
                                    </value>
                                    <next>
                                      <block type="neopixel_show_de" id="KqZbiHkxz=8OF=aV~und">
                                        <field name="PIN">D3</field>
                                      </block>
                                    </next>
                                  </block>
                                </statement>
                              </block>
                            </next>
                          </block>
                        </statement>
                        <next>
                          <block type="controls_if" id="~FP/8^QkYK1f*hX89Nfs">
                            <value name="IF0">
                              <block type="logic_operation" id=";V:N0xXp(@c%,HJNC!;z">
                                <field name="OP">OR</field>
                                <value name="A">
                                  <block type="logic_compare" id="q2TGEHXChq6g4_({wrL8">
                                    <field name="OP">EQ</field>
                                    <value name="A">
                                      <block type="math_number" id="rJLTsnCx)L2zIt253Q#|">
                                        <field name="NUM">7</field>
                                      </block>
                                    </value>
                                    <value name="B">
                                      <block type="variables_get" id="h.uWW:]y(AXb.GlX!7)L">
                                        <field name="VAR" id="M,#Q__$9^O8oR]XJn]XX" variabletype="">wetter</field>
                                      </block>
                                    </value>
                                  </block>
                                </value>
                                <value name="B">
                                  <block type="logic_compare" id="kXWDm[m_k1~bHqp`)vvy">
                                    <field name="OP">EQ</field>
                                    <value name="A">
                                      <block type="variables_get" id="~@J;QJQ.UB-:zTnK!evn">
                                        <field name="VAR" id="M,#Q__$9^O8oR]XJn]XX" variabletype="">wetter</field>
                                      </block>
                                    </value>
                                    <value name="B">
                                      <block type="math_number" id="=:#N3$!U[ZjP=EVoGjP{">
                                        <field name="NUM">8</field>
                                      </block>
                                    </value>
                                  </block>
                                </value>
                              </block>
                            </value>
                            <statement name="DO0">
                              <block type="controls_for" id="ACP?7zIQE1@9fl-TU!O7">
                                <field name="VAR" id=";RMe_Gy/jHWJz.`hooIN" variabletype="">i</field>
                                <value name="FROM">
                                  <block type="math_number" id="?(0l]f+)gLD{nd?$+B@G">
                                    <field name="NUM">24</field>
                                  </block>
                                </value>
                                <value name="TO">
                                  <block type="math_number" id="@sd3bi6j?Uc]*LV!SXtt">
                                    <field name="NUM">31</field>
                                  </block>
                                </value>
                                <value name="BY">
                                  <block type="math_number" id="o!MaFoVELydg]_41iL,C">
                                    <field name="NUM">1</field>
                                  </block>
                                </value>
                                <statement name="DO">
                                  <block type="set_pixel_color_rgb_de" id="dBEx*T,,tO`v-xsDR;`!">
                                    <field name="PIN">D3</field>
                                    <value name="PXNUMBER">
                                      <block type="variables_get" id="P%_)N/UpR-24FRh5^G/%">
                                        <field name="VAR" id=";RMe_Gy/jHWJz.`hooIN" variabletype="">i</field>
                                      </block>
                                    </value>
                                    <value name="RED">
                                      <block type="math_number" id="w1)fwbaqNd/b:nr9{8%v">
                                        <field name="NUM">0</field>
                                      </block>
                                    </value>
                                    <value name="GREEN">
                                      <block type="math_number" id="w/g1D}(F9ougs%EvsSDv">
                                        <field name="NUM">0</field>
                                      </block>
                                    </value>
                                    <value name="BLUE">
                                      <block type="math_number" id="cEpqV[+e*12k@IT)=j0|">
                                        <field name="NUM">255</field>
                                      </block>
                                    </value>
                                    <next>
                                      <block type="neopixel_show_de" id="76?)Sv:a_J?U8|:rYOHG">
                                        <field name="PIN">D3</field>
                                      </block>
                                    </next>
                                  </block>
                                </statement>
                              </block>
                            </statement>
                            <next>
                              <block type="base_delay" id="j^|0dW0cnuUQ!gF3c}T%">
                                <value name="DELAY_TIME">
                                  <block type="math_number" id="?dF`@zwX/j,/E|b/m0y?">
                                    <field name="NUM">1000</field>
                                  </block>
                                </value>
                              </block>
                            </next>
                          </block>
                        </next>
                      </block>
                    </next>
                  </block>
                </next>
              </block>
            </next>
          </block>
        </next>
      </block>
    </statement>
  </block>
  <block type="arduino_functions" id="8nQ,m{tCdF2.tMNG.Sxk" x="-67" y="1058">
    <statement name="SETUP_FUNC">
      <block type="connect_baall_de" id="hq;FtgS%nF@LYOwjKfA|"></block>
    </statement>
    <statement name="LOOP_FUNC">
      <block type="variables_set" id="/ScyACT@xZ#~tGN:VX_I">
        <field name="VAR" id="Ab-Jf_E-G^UHQ$^xGJP=" variabletype="">temp</field>
        <value name="VALUE">
          <block type="get_status_item_de" id="-|a3E1!!04c-LaS|~J=B">
            <field name="item">sensor</field>
            <value name="name">
              <block type="text" id="2^7[yly_5]r({/%j,tJ1">
                <field name="TEXT">tempOutside</field>
              </block>
            </value>
          </block>
        </value>
        <next>
          <block type="serial_print" id="@fxB?#c3TK0B4TDx2k3n">
            <value name="CONTENT">
              <block type="variables_get" id="DCIrHtsWX*9K`8[ftW[B">
                <field name="VAR" id="Ab-Jf_E-G^UHQ$^xGJP=" variabletype="">temp</field>
              </block>
            </value>
            <next>
              <block type="controls_for" id="zVYby$VG{IBm8%6X47SG">
                <field name="VAR" id="UKnCZt/1^3XoXiI:b@Kb" variabletype="">o</field>
                <value name="FROM">
                  <block type="math_number" id="*WQ~}IP{9jXKG=HL,@7V">
                    <field name="NUM">0</field>
                  </block>
                </value>
                <value name="TO">
                  <block type="math_number" id="0J^U];eU;Q[aFb~z5LMH">
                    <field name="NUM">12</field>
                  </block>
                </value>
                <value name="BY">
                  <block type="math_number" id="U89^;._{0gKo`SsIXfN^">
                    <field name="NUM">1</field>
                  </block>
                </value>
                <statement name="DO">
                  <block type="setup_neopixel_de" id="K@38SpSeEmXFKa__*I1A">
                    <field name="PIN">D2</field>
                    <field name="TYPE1">NEO_GRB</field>
                    <field name="TYPE2">NEO_KHZ800</field>
                    <value name="LEDNUM">
                      <block type="math_number" id="cFfx*CCP]li?rI8uhH?l">
                        <field name="NUM">15</field>
                      </block>
                    </value>
                    <next>
                      <block type="set_neopixel_brightness_de" id="{Ydg~$x{LmQ0w7LGz%u8">
                        <field name="PIN">D2</field>
                        <value name="BRIGHTNESS">
                          <block type="math_number" id="A20^1QF:x/Qo[kM+o`jv">
                            <field name="NUM">100</field>
                          </block>
                        </value>
                      </block>
                    </next>
                  </block>
                </statement>
                <next>
                  <block type="controls_if" id="TO}/5.:ERVS=.cmtOzw8">
                    <value name="IF0">
                      <block type="logic_operation" id="^*1YxjpFn_pNxS/T([V*">
                        <field name="OP">AND</field>
                        <value name="A">
                          <block type="logic_compare" id="!8b?]KU6?jSh9,TM!:Zv">
                            <field name="OP">LT</field>
                            <value name="A">
                              <block type="variables_get" id="3%GB}B(b,9gjdDs,:#XN">
                                <field name="VAR" id="Ab-Jf_E-G^UHQ$^xGJP=" variabletype="">temp</field>
                              </block>
                            </value>
                            <value name="B">
                              <block type="math_number" id="Fx`NM/Dmw`2SYX=p5U(y">
                                <field name="NUM">-10</field>
                              </block>
                            </value>
                          </block>
                        </value>
                        <value name="B">
                          <block type="logic_compare" id="r:Qv94ZmrT:yP$ZMxpNN">
                            <field name="OP">LT</field>
                            <value name="A">
                              <block type="variables_get" id="s3{b-vCf@H|0b4V`~yqb">
                                <field name="VAR" id="Ab-Jf_E-G^UHQ$^xGJP=" variabletype="">temp</field>
                              </block>
                            </value>
                            <value name="B">
                              <block type="math_number" id="nK,^sh]5D{PySr6=OV|{">
                                <field name="NUM">0</field>
                              </block>
                            </value>
                          </block>
                        </value>
                      </block>
                    </value>
                    <statement name="DO0">
                      <block type="controls_for" id="%.Z.QubtOA3=k%^jQqtv">
                        <field name="VAR" id="YGw0gq!BfQRF[UkmyKU+" variabletype="">p</field>
                        <value name="FROM">
                          <block type="math_number" id="N7zO05(W2N+%)dh=]:th">
                            <field name="NUM">0</field>
                          </block>
                        </value>
                        <value name="TO">
                          <block type="math_number" id="|u{z}~{lCvkD[;CIl;rv">
                            <field name="NUM">2</field>
                          </block>
                        </value>
                        <value name="BY">
                          <block type="math_number" id="1IFNW.J|!3EaI[.uF{QT">
                            <field name="NUM">1</field>
                          </block>
                        </value>
                        <statement name="DO">
                          <block type="set_pixel_color_rgb_de" id="LmP5!17JniXKE;I$5Ufk">
                            <field name="PIN">D2</field>
                            <value name="PXNUMBER">
                              <block type="variables_get" id=",yn~1Yx;S{x,1ck``,r*">
                                <field name="VAR" id="YGw0gq!BfQRF[UkmyKU+" variabletype="">p</field>
                              </block>
                            </value>
                            <value name="RED">
                              <block type="math_number" id="^jA-#~NzdYJi!Q7W9k(x">
                                <field name="NUM">255</field>
                              </block>
                            </value>
                            <value name="GREEN">
                              <block type="math_number" id="JWN$^|pInXQC8t[fG_8R">
                                <field name="NUM">255</field>
                              </block>
                            </value>
                            <value name="BLUE">
                              <block type="math_number" id="`b%sF%aTTJH4,fAYc5uW">
                                <field name="NUM">255</field>
                              </block>
                            </value>
                            <next>
                              <block type="neopixel_show_de" id="q0DZXU8?!:N!JCUC0*ow">
                                <field name="PIN">D2</field>
                              </block>
                            </next>
                          </block>
                        </statement>
                      </block>
                    </statement>
                    <next>
                      <block type="controls_if" id="bc~z:(IR*;|}x`N[@u;*">
                        <value name="IF0">
                          <block type="logic_operation" id=";#2j]!X?r)Oclsd?3rq(">
                            <field name="OP">AND</field>
                            <value name="A">
                              <block type="logic_compare" id="G4yX2#x{%8}Ew4McXq23">
                                <field name="OP">GT</field>
                                <value name="A">
                                  <block type="variables_get" id="_MmkAs+0I:i]zq:s~4zZ">
                                    <field name="VAR" id="Ab-Jf_E-G^UHQ$^xGJP=" variabletype="">temp</field>
                                  </block>
                                </value>
                                <value name="B">
                                  <block type="math_number" id="o}aO=$iLP=??!dsJ2.6T">
                                    <field name="NUM">0</field>
                                  </block>
                                </value>
                              </block>
                            </value>
                            <value name="B">
                              <block type="logic_compare" id="%S^%a;?-1)K-@#(h;)7i">
                                <field name="OP">LT</field>
                                <value name="A">
                                  <block type="variables_get" id="v-(ba8pY5hy/qCi=q)h^">
                                    <field name="VAR" id="Ab-Jf_E-G^UHQ$^xGJP=" variabletype="">temp</field>
                                  </block>
                                </value>
                                <value name="B">
                                  <block type="math_number" id="uD}R?Jm7@bFqo7FQaAtE">
                                    <field name="NUM">10</field>
                                  </block>
                                </value>
                              </block>
                            </value>
                          </block>
                        </value>
                        <statement name="DO0">
                          <block type="controls_for" id="c.o$%qBBoIf7Ae;%LzF|">
                            <field name="VAR" id="+PX5LD7D2B4Fsr/j%3JY" variabletype="">q</field>
                            <value name="FROM">
                              <block type="math_number" id="hxdEjS8GRw}$#%GH(}$+">
                                <field name="NUM">3</field>
                              </block>
                            </value>
                            <value name="TO">
                              <block type="math_number" id="pW_D]VxHJ:C(bT^RJ;:^">
                                <field name="NUM">5</field>
                              </block>
                            </value>
                            <value name="BY">
                              <block type="math_number" id="n#^T=`O5b5vO--zx{_:|">
                                <field name="NUM">1</field>
                              </block>
                            </value>
                            <statement name="DO">
                              <block type="set_pixel_color_rgb_de" id="oEQ`7K:?;o[F8|lqBu[F">
                                <field name="PIN">D2</field>
                                <value name="PXNUMBER">
                                  <block type="variables_get" id="a_Vd*dmj2R.88JY=e*vN">
                                    <field name="VAR" id="+PX5LD7D2B4Fsr/j%3JY" variabletype="">q</field>
                                  </block>
                                </value>
                                <value name="RED">
                                  <block type="math_number" id="|R^:|I20ME/687v^,hd!">
                                    <field name="NUM">255</field>
                                  </block>
                                </value>
                                <value name="GREEN">
                                  <block type="math_number" id="B$^{i2+!r}:,nsl+f`z;">
                                    <field name="NUM">255</field>
                                  </block>
                                </value>
                                <value name="BLUE">
                                  <block type="math_number" id="PkyIjNQ;s17EA?m2!v-9">
                                    <field name="NUM">255</field>
                                  </block>
                                </value>
                                <next>
                                  <block type="neopixel_show_de" id="A%D?FZCG!Aq}wU8Q=C#s">
                                    <field name="PIN">D2</field>
                                  </block>
                                </next>
                              </block>
                            </statement>
                          </block>
                        </statement>
                        <next>
                          <block type="controls_if" id="(!DaR5^td~[%d1Z6YmjC">
                            <value name="IF0">
                              <block type="logic_operation" id="=Ld`+MBmm{V6@H(}N/$D">
                                <field name="OP">AND</field>
                                <value name="A">
                                  <block type="logic_compare" id="hUJoA8?15xAwG85!.stW">
                                    <field name="OP">GT</field>
                                    <value name="A">
                                      <block type="variables_get" id="k?:4%IddF5L*bWkb{65Y">
                                        <field name="VAR" id="Ab-Jf_E-G^UHQ$^xGJP=" variabletype="">temp</field>
                                      </block>
                                    </value>
                                    <value name="B">
                                      <block type="math_number" id="ja!.^nJ/t*zV8pdqx6*C">
                                        <field name="NUM">10</field>
                                      </block>
                                    </value>
                                  </block>
                                </value>
                                <value name="B">
                                  <block type="logic_compare" id="FMha%YfigXF6,FqVE76S">
                                    <field name="OP">LT</field>
                                    <value name="A">
                                      <block type="variables_get" id="S.igXSyU.:Tf=XW3gy%G">
                                        <field name="VAR" id="Ab-Jf_E-G^UHQ$^xGJP=" variabletype="">temp</field>
                                      </block>
                                    </value>
                                    <value name="B">
                                      <block type="math_number" id="#^gTa?0=+D~DpLpl_#e`">
                                        <field name="NUM">20</field>
                                      </block>
                                    </value>
                                  </block>
                                </value>
                              </block>
                            </value>
                            <statement name="DO0">
                              <block type="controls_for" id="P7[}SpB18EW0O3,9ibkp">
                                <field name="VAR" id="UqU,9hyGy6X4M(/y3Pqg" variabletype="">r</field>
                                <value name="FROM">
                                  <block type="math_number" id="uxcLT4:NIN?PT?U,$BNh">
                                    <field name="NUM">6</field>
                                  </block>
                                </value>
                                <value name="TO">
                                  <block type="math_number" id="sJF0/L?dib9yGrtWOsuX">
                                    <field name="NUM">8</field>
                                  </block>
                                </value>
                                <value name="BY">
                                  <block type="math_number" id="Xpf{F@x9@C4Z$Oo]y9+r">
                                    <field name="NUM">1</field>
                                  </block>
                                </value>
                                <statement name="DO">
                                  <block type="set_pixel_color_rgb_de" id="dAi~8c2DUZ;Zd@tx2h;y">
                                    <field name="PIN">D2</field>
                                    <value name="PXNUMBER">
                                      <block type="variables_get" id="-w[R=Y4,x^Wa9j[y53p_">
                                        <field name="VAR" id="UqU,9hyGy6X4M(/y3Pqg" variabletype="">r</field>
                                      </block>
                                    </value>
                                    <value name="RED">
                                      <block type="math_number" id="Oa0tNS4HiLbt^gBXXvn/">
                                        <field name="NUM">255</field>
                                      </block>
                                    </value>
                                    <value name="GREEN">
                                      <block type="math_number" id="qVat)r5H!{i(b=0ZPz6z">
                                        <field name="NUM">255</field>
                                      </block>
                                    </value>
                                    <value name="BLUE">
                                      <block type="math_number" id="cL9Qj?zVG7U4;2b9OCb~">
                                        <field name="NUM">255</field>
                                      </block>
                                    </value>
                                    <next>
                                      <block type="neopixel_show_de" id="q,nA0ogu:9c#E+WEb`Yi">
                                        <field name="PIN">D2</field>
                                      </block>
                                    </next>
                                  </block>
                                </statement>
                              </block>
                            </statement>
                            <next>
                              <block type="controls_if" id="/A!mW8AmgL,/2WP],2=~">
                                <value name="IF0">
                                  <block type="logic_operation" id="]7#0~@~QsDB+iKM%aPAS">
                                    <field name="OP">AND</field>
                                    <value name="A">
                                      <block type="logic_compare" id="M}:vlv|#-KX?sQ#b)V`d">
                                        <field name="OP">GT</field>
                                        <value name="A">
                                          <block type="variables_get" id="vT1JXxXke1#oQwWI8y`a">
                                            <field name="VAR" id="Ab-Jf_E-G^UHQ$^xGJP=" variabletype="">temp</field>
                                          </block>
                                        </value>
                                        <value name="B">
                                          <block type="math_number" id="%@5`h3nP}q=J:z|RKX}C">
                                            <field name="NUM">20</field>
                                          </block>
                                        </value>
                                      </block>
                                    </value>
                                    <value name="B">
                                      <block type="logic_compare" id="ICn;yE6+bc!zZhIc7k[H">
                                        <field name="OP">LT</field>
                                        <value name="A">
                                          <block type="variables_get" id="NSd)Q+3iY?ESo(rFxrH~">
                                            <field name="VAR" id="Ab-Jf_E-G^UHQ$^xGJP=" variabletype="">temp</field>
                                          </block>
                                        </value>
                                        <value name="B">
                                          <block type="math_number" id="s/=DzjT6jAr0hAxb#cd9">
                                            <field name="NUM">30</field>
                                          </block>
                                        </value>
                                      </block>
                                    </value>
                                  </block>
                                </value>
                                <statement name="DO0">
                                  <block type="controls_for" id="{Ea*D_K4$]`*9)l9whkL">
                                    <field name="VAR" id="_y^~Gi0.Zsw(na7Y=BdA" variabletype="">s</field>
                                    <value name="FROM">
                                      <block type="math_number" id="zJ[?vvF_=h?|AW_D:}a#">
                                        <field name="NUM">9</field>
                                      </block>
                                    </value>
                                    <value name="TO">
                                      <block type="math_number" id="eQd+@plYjKUD(KGfO[i|">
                                        <field name="NUM">11</field>
                                      </block>
                                    </value>
                                    <value name="BY">
                                      <block type="math_number" id="L[zyFG*aW+u-/hC,z{Cs">
                                        <field name="NUM">1</field>
                                      </block>
                                    </value>
                                    <statement name="DO">
                                      <block type="set_pixel_color_rgb_de" id="q:|%W5E*+eh(5QzjtZRh">
                                        <field name="PIN">D2</field>
                                        <value name="PXNUMBER">
                                          <block type="variables_get" id="M+=FiU6p/VRe~bu-A]3r">
                                            <field name="VAR" id="_y^~Gi0.Zsw(na7Y=BdA" variabletype="">s</field>
                                          </block>
                                        </value>
                                        <value name="RED">
                                          <block type="math_number" id="V^g@.a,#eyRMJH=T%;S@">
                                            <field name="NUM">255</field>
                                          </block>
                                        </value>
                                        <value name="GREEN">
                                          <block type="math_number" id="zjq+;01S%~hO]TF.+s@N">
                                            <field name="NUM">255</field>
                                          </block>
                                        </value>
                                        <value name="BLUE">
                                          <block type="math_number" id="AtW{O/7D]Kdkn3x^rKK7">
                                            <field name="NUM">255</field>
                                          </block>
                                        </value>
                                        <next>
                                          <block type="neopixel_show_de" id="YolpO9_f`].fCf{ZOnP6">
                                            <field name="PIN">D2</field>
                                          </block>
                                        </next>
                                      </block>
                                    </statement>
                                  </block>
                                </statement>
                                <next>
                                  <block type="base_delay" id="S5IwJ3@pWPx(f63EJ|b/">
                                    <value name="DELAY_TIME">
                                      <block type="math_number" id="htvghrQ/[,]yap[R3EW[">
                                        <field name="NUM">5000</field>
                                      </block>
                                    </value>
                                  </block>
                                </next>
                              </block>
                            </next>
                          </block>
                        </next>
                      </block>
                    </next>
                  </block>
                </next>
              </block>
            </next>
          </block>
        </next>
      </block>
    </statement>
  </block>
</xml>