<xml xmlns="http://www.w3.org/1999/xhtml">
  <variables>
    <variable type="" id="uxWCx$I2(;j~K94AWSi=">pixel</variable>
    <variable type="" id="r~)qMeBLoc/qsl-CHyS}">i</variable>
    <variable type="" id="O#fIX+WISCQ[ATP9VqDq">Minuten</variable>
    <variable type="" id="QsLNz|r^AZR1#/2-kOF.">Stunden</variable>
    <variable type="" id="hR~,CB5Sgy/rf76#8/Dg">j</variable>
    <variable type="" id="1nf$A[evACVKQ)=YIC+D">Rot</variable>
    <variable type="" id="4O6f]xxR,WSKV3i3E)ry">lila</variable>
    <variable type="" id="@/#4ZtELJR(rc/JA#qGK">Licht</variable>
    <variable type="" id="#Z84YL`,9`)#l.WMn}fI">Lichtsensor</variable>
    <variable type="" id="rxk2kGQQbz=nnK={{/LA">LichtsensorWeniger</variable>
  </variables>
  <block type="setup_neopixel" id="O1O9i#=QQv!dK.$v[tub" x="-391" y="-303">
    <field name="PIN">3</field>
    <field name="TYPE1">NEO_GRB</field>
    <field name="TYPE2">NEO_KHZ800</field>
    <value name="LEDNUM">
      <block type="math_number" id="Eb7r9CT@hNvrc0(DYWg-">
        <field name="NUM">60</field>
      </block>
    </value>
    <next>
      <block type="set_neopixel_brightness" id=":5m7T.KygkIKqJOSh)v{">
        <field name="PIN">3</field>
        <value name="BRIGHTNESS">
          <block type="math_number" id="Im=,,T}l$@NA@$(vwADZ">
            <field name="NUM">100</field>
          </block>
        </value>
        <next>
          <block type="procedures_callnoreturn" id="kn,3$qu%,aw2~w-cU8,1">
            <mutation name="zaehleMinuten"></mutation>
            <next>
              <block type="procedures_callnoreturn" id="Kg@?Oog6HO#gR;a,RXAg">
                <mutation name="MinutenZuruecksetzen"></mutation>
                <next>
                  <block type="procedures_callnoreturn" id="N};{IxlNP[_L=eKeI=Lr">
                    <mutation name="Zeitverwaltung"></mutation>
                    <next>
                      <block type="procedures_callnoreturn" id="+$d(gJ`r=6lWwQ,qkv`.">
                        <mutation name="zaehleStunden"></mutation>
                      </block>
                    </next>
                  </block>
                </next>
              </block>
            </next>
          </block>
        </next>
      </block>
    </next>
  </block>
  <block type="procedures_defnoreturn" id="aXI*0C`)McPZ{gj9ec4-" x="27" y="-177">
    <field name="NAME">zaehleMinuten</field>
    <comment pinned="false" h="80" w="160">Describe this function...</comment>
    <statement name="STACK">
      <block type="controls_for" id="S.46Kg]`,ETsOd[;1[e;">
        <field name="VAR" id="uxWCx$I2(;j~K94AWSi=" variabletype="">pixel</field>
        <value name="FROM">
          <block type="math_number" id="I9T?x[8IoDuWG|XAK,nj">
            <field name="NUM">0</field>
          </block>
        </value>
        <value name="TO">
          <block type="math_number" id="?jAUc(:jsSs);!)Oo11B">
            <field name="NUM">59</field>
          </block>
        </value>
        <value name="BY">
          <block type="math_number" id="X=g)EY]^2Oo^Y}nzfK^C">
            <field name="NUM">1</field>
          </block>
        </value>
        <statement name="DO">
          <block type="variables_set" id="J5e.2W~g1$|}+7xE2h7s">
            <field name="VAR" id="@/#4ZtELJR(rc/JA#qGK" variabletype="">Licht</field>
            <value name="VALUE">
              <block type="inout_analog_read" id="/--dv%[@DE#I}AC_l$Ym">
                <field name="PIN">A0</field>
              </block>
            </value>
            <next>
              <block type="variables_set" id="{/`6VCBlW?kO+9Es*J:H">
                <field name="VAR" id="@/#4ZtELJR(rc/JA#qGK" variabletype="">Licht</field>
                <value name="VALUE">
                  <block type="math_arithmetic" id="e^ux-k!B;x9oe2dt_2}D">
                    <field name="OP">MULTIPLY</field>
                    <value name="A">
                      <block type="variables_get" id="+1l2}-LW}=r.INsg#Th2">
                        <field name="VAR" id="@/#4ZtELJR(rc/JA#qGK" variabletype="">Licht</field>
                      </block>
                    </value>
                    <value name="B">
                      <block type="math_number" id="A[LpPT#,2z9}nCH(d^,2">
                        <field name="NUM">-1</field>
                      </block>
                    </value>
                  </block>
                </value>
                <next>
                  <block type="variables_set" id="SX/3@au2j$6H].(qK20.">
                    <field name="VAR" id="@/#4ZtELJR(rc/JA#qGK" variabletype="">Licht</field>
                    <value name="VALUE">
                      <block type="math_arithmetic" id="RfAtiqHV1+dD*yv0_j1E">
                        <field name="OP">ADD</field>
                        <value name="A">
                          <block type="variables_get" id="t0gfA180otI[7Ef1]jF|">
                            <field name="VAR" id="@/#4ZtELJR(rc/JA#qGK" variabletype="">Licht</field>
                          </block>
                        </value>
                        <value name="B">
                          <block type="math_number" id="uuh)l%dlAiVVtfQ+;2X8">
                            <field name="NUM">1024</field>
                          </block>
                        </value>
                      </block>
                    </value>
                    <next>
                      <block type="variables_set" id="DGoKDmiLImJamAzC~I/.">
                        <field name="VAR" id="#Z84YL`,9`)#l.WMn}fI" variabletype="">Lichtsensor</field>
                        <value name="VALUE">
                          <block type="base_map" id="gcDwz4#nC_!uVL(z,Jgg">
                            <value name="NUM">
                              <block type="variables_get" id="zRJ{~wi2@%zJ:=.392;i">
                                <field name="VAR" id="@/#4ZtELJR(rc/JA#qGK" variabletype="">Licht</field>
                              </block>
                            </value>
                            <value name="DMAX">
                              <block type="math_number" id="aFTK;J5Dm5MGv,aB2]:_">
                                <field name="NUM">255</field>
                              </block>
                            </value>
                          </block>
                        </value>
                        <next>
                          <block type="variables_set" id="=~gh[2ES.y0bolXOFfUO">
                            <field name="VAR" id="rxk2kGQQbz=nnK={{/LA" variabletype="">LichtsensorWeniger</field>
                            <value name="VALUE">
                              <block type="math_arithmetic" id="}QKrZ@_w?GDn$BV8gcKi">
                                <field name="OP">DIVIDE</field>
                                <value name="A">
                                  <block type="variables_get" id="^08Y2!YqRugk#@C@ws.[">
                                    <field name="VAR" id="#Z84YL`,9`)#l.WMn}fI" variabletype="">Lichtsensor</field>
                                  </block>
                                </value>
                                <value name="B">
                                  <block type="math_number" id="*:4#[Xa8)(yz@6:%]H|S">
                                    <field name="NUM">2</field>
                                  </block>
                                </value>
                              </block>
                            </value>
                            <next>
                              <block type="serial_print" id="3FE+~}v|5oN:PJvN[Y7k">
                                <value name="CONTENT">
                                  <block type="variables_get" id="fO~?4rdoveMYJtbXy_iS">
                                    <field name="VAR" id="#Z84YL`,9`)#l.WMn}fI" variabletype="">Lichtsensor</field>
                                  </block>
                                </value>
                                <next>
                                  <block type="serial_print" id="qj9vK.jVrzrjwevMz[=|">
                                    <value name="CONTENT">
                                      <block type="variables_get" id="QBrwM-V/~pMP@oquIDY4">
                                        <field name="VAR" id="rxk2kGQQbz=nnK={{/LA" variabletype="">LichtsensorWeniger</field>
                                      </block>
                                    </value>
                                    <next>
                                      <block type="set_pixel_color_rgb" id="ODcpZ#AE]mc_q(^%UM)%">
                                        <field name="PIN">3</field>
                                        <value name="PXNUMBER">
                                          <block type="variables_get" id="`:nlhpEfkfnJPqsDV@IC">
                                            <field name="VAR" id="uxWCx$I2(;j~K94AWSi=" variabletype="">pixel</field>
                                          </block>
                                        </value>
                                        <value name="RED">
                                          <block type="variables_get" id="r9xHKIxvLpmbG9z#x/=4">
                                            <field name="VAR" id="#Z84YL`,9`)#l.WMn}fI" variabletype="">Lichtsensor</field>
                                          </block>
                                        </value>
                                        <value name="GREEN">
                                          <block type="math_number" id="@kaD$!5WzhmY#P~V!{72">
                                            <field name="NUM">0</field>
                                          </block>
                                        </value>
                                        <value name="BLUE">
                                          <block type="variables_get" id="IzS$~A=,C.s1-@cy;h@~">
                                            <field name="VAR" id="rxk2kGQQbz=nnK={{/LA" variabletype="">LichtsensorWeniger</field>
                                          </block>
                                        </value>
                                        <next>
                                          <block type="neopixel_show" id="Yw!7Mc4`dRnrl2Nq0.+a">
                                            <field name="PIN">3</field>
                                            <next>
                                              <block type="set_pixel_color_rgb" id="(x.fY_++{)kv60+^(ce_">
                                                <field name="PIN">3</field>
                                                <value name="PXNUMBER">
                                                  <block type="variables_get" id="JKZ@^bLlZ0@m$Z7W,--8">
                                                    <field name="VAR" id="QsLNz|r^AZR1#/2-kOF." variabletype="">Stunden</field>
                                                  </block>
                                                </value>
                                                <value name="RED">
                                                  <block type="math_number" id="~yfS@yx}o=mV_d-C?G8H">
                                                    <field name="NUM">0</field>
                                                  </block>
                                                </value>
                                                <value name="GREEN">
                                                  <block type="variables_get" id="MzZhdIgRnO:dWV!t+}hA">
                                                    <field name="VAR" id="#Z84YL`,9`)#l.WMn}fI" variabletype="">Lichtsensor</field>
                                                  </block>
                                                </value>
                                                <value name="BLUE">
                                                  <block type="math_number" id="|tVwuwOy`G3F6l5/%j;|">
                                                    <field name="NUM">0</field>
                                                  </block>
                                                </value>
                                                <next>
                                                  <block type="neopixel_show" id="0TZJ3|DUNRK4/Akmmit:">
                                                    <field name="PIN">3</field>
                                                    <next>
                                                      <block type="variables_set" id="p^`mL:+gLS]C[$};9h@?">
                                                        <field name="VAR" id="O#fIX+WISCQ[ATP9VqDq" variabletype="">Minuten</field>
                                                        <value name="VALUE">
                                                          <block type="math_arithmetic" id="cVu=S86=7~2MHK$Nhcf?">
                                                            <field name="OP">ADD</field>
                                                            <value name="A">
                                                              <block type="variables_get" id="ELdm:h:I|8{EpoW:qzFc">
                                                                <field name="VAR" id="O#fIX+WISCQ[ATP9VqDq" variabletype="">Minuten</field>
                                                              </block>
                                                            </value>
                                                            <value name="B">
                                                              <block type="math_number" id="i}/jO9o{dm0RIF=bX#tH">
                                                                <field name="NUM">1</field>
                                                              </block>
                                                            </value>
                                                          </block>
                                                        </value>
                                                        <next>
                                                          <block type="serial_print" id="_(Ob[7j)h)5-_,3l|3=s">
                                                            <value name="CONTENT">
                                                              <block type="variables_get" id="$psZ{?lkcliagRNQGB[s">
                                                                <field name="VAR" id="O#fIX+WISCQ[ATP9VqDq" variabletype="">Minuten</field>
                                                              </block>
                                                            </value>
                                                            <next>
                                                              <block type="controls_if" id="L,/*|TN7Ff6abks}r?2h">
                                                                <value name="IF0">
                                                                  <block type="logic_compare" id="vU9nN[PA(3_ege3xf#gv">
                                                                    <field name="OP">EQ</field>
                                                                    <value name="A">
                                                                      <block type="variables_get" id="v;Hdll+FinGolX,?.I7b">
                                                                        <field name="VAR" id="O#fIX+WISCQ[ATP9VqDq" variabletype="">Minuten</field>
                                                                      </block>
                                                                    </value>
                                                                    <value name="B">
                                                                      <block type="math_number" id="|,~A+xauRrbr/{,!,6:v">
                                                                        <field name="NUM">60</field>
                                                                      </block>
                                                                    </value>
                                                                  </block>
                                                                </value>
                                                                <statement name="DO0">
                                                                  <block type="variables_set" id="0.erCpB.0`qEG(_16Lnm">
                                                                    <field name="VAR" id="O#fIX+WISCQ[ATP9VqDq" variabletype="">Minuten</field>
                                                                    <value name="VALUE">
                                                                      <block type="math_number" id="#D6ooyp7p+i@Lh/A;cpK">
                                                                        <field name="NUM">0</field>
                                                                      </block>
                                                                    </value>
                                                                  </block>
                                                                </statement>
                                                                <next>
                                                                  <block type="base_delay" id="kfk%:xwqSeDQ(iJx-`bj">
                                                                    <value name="DELAY_TIME">
                                                                      <block type="math_number" id="@D]:3AWHIA5RlU4RE*b+">
                                                                        <field name="NUM">60000</field>
                                                                      </block>
                                                                    </value>
                                                                  </block>
                                                                </next>
                                                              </block>
                                                            </next>
                                                          </block>
                                                        </next>
                                                      </block>
                                                    </next>
                                                  </block>
                                                </next>
                                              </block>
                                            </next>
                                          </block>
                                        </next>
                                      </block>
                                    </next>
                                  </block>
                                </next>
                              </block>
                            </next>
                          </block>
                        </next>
                      </block>
                    </next>
                  </block>
                </next>
              </block>
            </next>
          </block>
        </statement>
      </block>
    </statement>
  </block>
  <block type="procedures_defnoreturn" id="JYj~!Y-e@a8~]O8q$:-Q" x="-743" y="113">
    <field name="NAME">zaehleStunden</field>
    <comment pinned="false" h="80" w="160">Describe this function...</comment>
    <statement name="STACK">
      <block type="set_pixel_color_rgb" id="FGppKAoULW!l0lCtny%}">
        <field name="PIN">3</field>
        <value name="PXNUMBER">
          <block type="variables_get" id="oyLii.3SJdyR}6Oj[vFy">
            <field name="VAR" id="QsLNz|r^AZR1#/2-kOF." variabletype="">Stunden</field>
          </block>
        </value>
        <value name="RED">
          <block type="math_number" id="P[HgA*wTQ!(kIT)I+O3%">
            <field name="NUM">0</field>
          </block>
        </value>
        <value name="GREEN">
          <block type="variables_get" id="8eae.OA{.ncaGh~rh^E7">
            <field name="VAR" id="#Z84YL`,9`)#l.WMn}fI" variabletype="">Lichtsensor</field>
          </block>
        </value>
        <value name="BLUE">
          <block type="math_number" id="omeY+ivAF4+sQ8Dub)S0">
            <field name="NUM">0</field>
          </block>
        </value>
        <next>
          <block type="neopixel_show" id="ynnE$#t,:3NHk)/-!S?h">
            <field name="PIN">3</field>
          </block>
        </next>
      </block>
    </statement>
  </block>
  <block type="procedures_defnoreturn" id="kWrApZ#T,3)6W9,!Eb39" x="-866" y="417">
    <field name="NAME">MinutenZuruecksetzen</field>
    <comment pinned="false" h="80" w="160">Describe this function...</comment>
    <statement name="STACK">
      <block type="controls_for" id="VD7j:B?q!iS5{rMEsXsZ">
        <field name="VAR" id="uxWCx$I2(;j~K94AWSi=" variabletype="">pixel</field>
        <value name="FROM">
          <block type="math_number" id="6fqR;0eC%A.tjY89bgqP">
            <field name="NUM">0</field>
          </block>
        </value>
        <value name="TO">
          <block type="math_number" id="Msf:s5Y_DQ`-2cwR-^wh">
            <field name="NUM">59</field>
          </block>
        </value>
        <value name="BY">
          <block type="math_number" id="Jos%MWHtg.VHAk2h.N,.">
            <field name="NUM">1</field>
          </block>
        </value>
        <statement name="DO">
          <block type="set_pixel_color_rgb" id="W*3MYiP5noN-*8Lqkkg|">
            <field name="PIN">3</field>
            <value name="PXNUMBER">
              <block type="variables_get" id="D36:dg,hZlL^/JcN{D2.">
                <field name="VAR" id="uxWCx$I2(;j~K94AWSi=" variabletype="">pixel</field>
              </block>
            </value>
            <value name="RED">
              <block type="math_number" id="@gE_DEIZWisS[-fOsQUW">
                <field name="NUM">0</field>
              </block>
            </value>
            <value name="GREEN">
              <block type="math_number" id="Arog^Mkzn}b4pNna8eUq">
                <field name="NUM">0</field>
              </block>
            </value>
            <value name="BLUE">
              <block type="math_number" id="GHW?K6I~2bb6-0yzESnq">
                <field name="NUM">0</field>
              </block>
            </value>
          </block>
        </statement>
        <next>
          <block type="neopixel_show" id="HQ13~_eVM,O3R2T8KOn*">
            <field name="PIN">3</field>
          </block>
        </next>
      </block>
    </statement>
  </block>
  <block type="procedures_defnoreturn" id="ibtk456-y1DX?Zz:EOg=" x="-118" y="579">
    <field name="NAME">Zeitverwaltung</field>
    <comment pinned="false" h="80" w="160">Describe this function...</comment>
    <statement name="STACK">
      <block type="variables_set" id="79r~3y0z?!uS%Ko=Z{2;">
        <field name="VAR" id="QsLNz|r^AZR1#/2-kOF." variabletype="">Stunden</field>
        <value name="VALUE">
          <block type="math_arithmetic" id="M_UkpprTQ]$1zZYTp`2{">
            <field name="OP">ADD</field>
            <value name="A">
              <block type="variables_get" id="3/?;4TC|r!UhmmMhD0y!">
                <field name="VAR" id="QsLNz|r^AZR1#/2-kOF." variabletype="">Stunden</field>
              </block>
            </value>
            <value name="B">
              <block type="math_number" id="r)e]hxPf@D9sxCcTS3n%">
                <field name="NUM">5</field>
              </block>
            </value>
          </block>
        </value>
        <next>
          <block type="serial_print" id="5t:}?{ZJy6^g*6:(yR+w">
            <value name="CONTENT">
              <block type="variables_get" id="0/PhB}l7j}B!935@UP!x">
                <field name="VAR" id="QsLNz|r^AZR1#/2-kOF." variabletype="">Stunden</field>
              </block>
            </value>
            <next>
              <block type="controls_if" id="8g=s29{s0Q]i6Wx-]cds">
                <value name="IF0">
                  <block type="logic_compare" id="fR8P#-cyK!OU]D|Lg8B%">
                    <field name="OP">EQ</field>
                    <value name="A">
                      <block type="variables_get" id="y0m;y`QCVo_7h-|pnbV/">
                        <field name="VAR" id="QsLNz|r^AZR1#/2-kOF." variabletype="">Stunden</field>
                      </block>
                    </value>
                    <value name="B">
                      <block type="math_number" id="(u2Xsva$0b-(_Ovpno8H">
                        <field name="NUM">60</field>
                      </block>
                    </value>
                  </block>
                </value>
                <statement name="DO0">
                  <block type="variables_set" id="@C:I}}68]VZ*`_3ER]a_">
                    <field name="VAR" id="QsLNz|r^AZR1#/2-kOF." variabletype="">Stunden</field>
                    <value name="VALUE">
                      <block type="math_number" id="Q]UR!IXa^h1?9r]u5PR:">
                        <field name="NUM">0</field>
                      </block>
                    </value>
                  </block>
                </statement>
              </block>
            </next>
          </block>
        </next>
      </block>
    </statement>
  </block>
</xml>