<xml xmlns="http://www.w3.org/1999/xhtml">
  <variables>
    <variable type="" id="tGNl,e(dAQR`Bj1+9C4/">x</variable>
    <variable type="" id="K7yW,[8S(9nM7Ebki8-|">x3</variable>
    <variable type="" id=".Y].C]m8I-9g=[`{ql6p">i</variable>
  </variables>
  <block type="arduino_functions" id="7,3Zb47IJ*bh~^!DlG~p" x="172" y="6">
    <statement name="SETUP_FUNC">
      <block type="connect_baall_de" id="37mUXp=6g]m#IyK5%c$C">
        <next>
          <block type="setup_neopixel_de" id="s2?Ph@kML`8(Lf8)1qd7">
            <field name="PIN">D3</field>
            <field name="TYPE1">NEO_GRB</field>
            <field name="TYPE2">NEO_KHZ800</field>
            <value name="LEDNUM">
              <block type="math_number" id="]w[on_e#=J.PFTq24`C3">
                <field name="NUM">1</field>
              </block>
            </value>
          </block>
        </next>
      </block>
    </statement>
    <statement name="LOOP_FUNC">
      <block type="variables_set" id="/Rnnw@,N_3wGM.`e8E.r">
        <field name="VAR" id=".Y].C]m8I-9g=[`{ql6p" variabletype="">i</field>
        <value name="VALUE">
          <block type="get_status_item_de" id=")Fc,:sZpA`gi%q8:w~5P">
            <field name="item">sensor</field>
            <value name="name">
              <block type="text" id="nk/fo1v4)bC`%azak+2[">
                <field name="TEXT">windOutside</field>
              </block>
            </value>
          </block>
        </value>
        <next>
          <block type="controls_if" id="i1emG0JgwXglzk,PsdU;">
            <value name="IF0">
              <block type="logic_compare" id="t}Pdzel@xIr$[Rky?n,$">
                <field name="OP">EQ</field>
                <value name="A">
                  <block type="math_number" id="LptQ`Ma$WT66B6bc+(/U">
                    <field name="NUM">12</field>
                  </block>
                </value>
                <value name="B">
                  <block type="variables_get" id="an|cldKyvJUD6LAab58F">
                    <field name="VAR" id=".Y].C]m8I-9g=[`{ql6p" variabletype="">i</field>
                  </block>
                </value>
              </block>
            </value>
            <statement name="DO0">
              <block type="set_pixel_color_rgb_de" id="3k-a?6ti9fAlc}|A$EW-">
                <field name="PIN">D3</field>
                <value name="PXNUMBER">
                  <block type="math_number" id="NisDcT^(h;gMd!*?9lb!">
                    <field name="NUM">0</field>
                  </block>
                </value>
                <value name="RED">
                  <block type="math_number" id="[::e2NjFl1)DRWD(qiDg">
                    <field name="NUM">0</field>
                  </block>
                </value>
                <value name="GREEN">
                  <block type="math_number" id="X}mji@/66x1q!%{LORXw">
                    <field name="NUM">0</field>
                  </block>
                </value>
                <value name="BLUE">
                  <block type="math_number" id="i]j*%:p?AdjJ}e-[H~l}">
                    <field name="NUM">0</field>
                  </block>
                </value>
                <next>
                  <block type="neopixel_show_de" id="`WGdo9p#pI;~fw)|4OxX">
                    <field name="PIN">D3</field>
                    <next>
                      <block type="base_delay" id="_M7b:OaVd/i3OsQYcPu:">
                        <value name="DELAY_TIME">
                          <block type="math_number" id="oAwdoY:$(@ep,ZIPBdO%">
                            <field name="NUM">10000</field>
                          </block>
                        </value>
                      </block>
                    </next>
                  </block>
                </next>
              </block>
            </statement>
            <next>
              <block type="controls_if" id="]eEZ5x[!GclNE/BPEv/D">
                <value name="IF0">
                  <block type="logic_compare" id="U[Ht-$/75|7tKihmqX%Z">
                    <field name="OP">EQ</field>
                    <value name="A">
                      <block type="math_number" id="6=`!1-md3C7tU`1La/KI">
                        <field name="NUM">11</field>
                      </block>
                    </value>
                    <value name="B">
                      <block type="variables_get" id="Sd1@0b{PZ}/iV4f$ZVB6">
                        <field name="VAR" id=".Y].C]m8I-9g=[`{ql6p" variabletype="">i</field>
                      </block>
                    </value>
                  </block>
                </value>
                <statement name="DO0">
                  <block type="set_pixel_color_rgb_de" id="!Zek8Q)aFlyp4b9;gRzu">
                    <field name="PIN">D3</field>
                    <value name="PXNUMBER">
                      <block type="math_number" id="zB}RFW*6S]QRw3n5l;dN">
                        <field name="NUM">0</field>
                      </block>
                    </value>
                    <value name="RED">
                      <block type="math_number" id=":7961E7`eh@PA`;!i=,n">
                        <field name="NUM">190</field>
                      </block>
                    </value>
                    <value name="GREEN">
                      <block type="math_number" id="/=6N:F(}dSiW.5#?95:2">
                        <field name="NUM">65</field>
                      </block>
                    </value>
                    <value name="BLUE">
                      <block type="math_number" id="Y2aA*SO?ZPmR8t9jM^+P">
                        <field name="NUM">0</field>
                      </block>
                    </value>
                    <next>
                      <block type="neopixel_show_de" id=":l:#53!iR9o%|hxR${hp">
                        <field name="PIN">D3</field>
                      </block>
                    </next>
                  </block>
                </statement>
                <next>
                  <block type="controls_if" id="0IX4MCOea0WL.=g$2k^.">
                    <value name="IF0">
                      <block type="logic_compare" id="4X,a`ObAgT,3wria@kfA">
                        <field name="OP">EQ</field>
                        <value name="A">
                          <block type="math_number" id="lzw?pYC[Oxk$0lr]8`N2">
                            <field name="NUM">10</field>
                          </block>
                        </value>
                        <value name="B">
                          <block type="variables_get" id="K9RAB-{^0CFmTd(a2t_]">
                            <field name="VAR" id=".Y].C]m8I-9g=[`{ql6p" variabletype="">i</field>
                          </block>
                        </value>
                      </block>
                    </value>
                    <statement name="DO0">
                      <block type="set_pixel_color_rgb_de" id="op;mZB@ZnNa+XV!OKsHd">
                        <field name="PIN">D3</field>
                        <value name="PXNUMBER">
                          <block type="math_number" id="dP,,CmD$)f#dNsDK10xo">
                            <field name="NUM">0</field>
                          </block>
                        </value>
                        <value name="RED">
                          <block type="math_number" id="`}2+LD1uxI)iwrMRenWQ">
                            <field name="NUM">255</field>
                          </block>
                        </value>
                        <value name="GREEN">
                          <block type="math_number" id="eBap3~k7}0lk]?+zv,pG">
                            <field name="NUM">0</field>
                          </block>
                        </value>
                        <value name="BLUE">
                          <block type="math_number" id="OS}Yg6_Fl12!8g~x6vkk">
                            <field name="NUM">0</field>
                          </block>
                        </value>
                        <next>
                          <block type="neopixel_show_de" id="sw-+9[T1GZ#a|seU1dC#">
                            <field name="PIN">D3</field>
                            <next>
                              <block type="base_delay" id="b;(0AKfb!NMlJg5-Fajb">
                                <value name="DELAY_TIME">
                                  <block type="math_number" id="qkOPLSrwveXV[;D0EM-o">
                                    <field name="NUM">10000</field>
                                  </block>
                                </value>
                              </block>
                            </next>
                          </block>
                        </next>
                      </block>
                    </statement>
                    <next>
                      <block type="controls_if" id="q*dwxS2LN|fQHB%TQI/~">
                        <value name="IF0">
                          <block type="logic_compare" id="~!YXt4?(uS~wsvp%IrUW">
                            <field name="OP">EQ</field>
                            <value name="A">
                              <block type="math_number" id="RG3^h/MY9=;JJXIq.iWo">
                                <field name="NUM">9</field>
                              </block>
                            </value>
                            <value name="B">
                              <block type="variables_get" id=")rlKa13*$kPBKT@7s]eU">
                                <field name="VAR" id=".Y].C]m8I-9g=[`{ql6p" variabletype="">i</field>
                              </block>
                            </value>
                          </block>
                        </value>
                        <statement name="DO0">
                          <block type="set_pixel_color_rgb_de" id="!r3Pgnk(20vr?XYa2gD{">
                            <field name="PIN">D3</field>
                            <value name="PXNUMBER">
                              <block type="math_number" id="R4vU6#WqwuSnqD8jif5b">
                                <field name="NUM">0</field>
                              </block>
                            </value>
                            <value name="RED">
                              <block type="math_number" id="Uw+k:_|kWd/q0CGu3c`C">
                                <field name="NUM">190</field>
                              </block>
                            </value>
                            <value name="GREEN">
                              <block type="math_number" id="v8C9{7At4jTIA8f9[,EH">
                                <field name="NUM">0</field>
                              </block>
                            </value>
                            <value name="BLUE">
                              <block type="math_number" id="u1mXBIXvmy.:W`i;BozY">
                                <field name="NUM">65</field>
                              </block>
                            </value>
                            <next>
                              <block type="neopixel_show_de" id="yr%%`F2a/Im1dsyxo~9T">
                                <field name="PIN">D3</field>
                                <next>
                                  <block type="base_delay" id="2cjbevmfln@2h_%f#UFt">
                                    <value name="DELAY_TIME">
                                      <block type="math_number" id="eY#yrlA7M?%V1E?_!m9]">
                                        <field name="NUM">10000</field>
                                      </block>
                                    </value>
                                  </block>
                                </next>
                              </block>
                            </next>
                          </block>
                        </statement>
                        <next>
                          <block type="controls_if" id="WBY5P}/^q@e+_n3k4Tj!">
                            <value name="IF0">
                              <block type="logic_compare" id="]EfZtZZobT3mL#i#BeR[">
                                <field name="OP">EQ</field>
                                <value name="A">
                                  <block type="math_number" id="c0Kqhc6?eSaSQ;Nol};k">
                                    <field name="NUM">8</field>
                                  </block>
                                </value>
                                <value name="B">
                                  <block type="variables_get" id=".AfSThY-IR!bk1d.;G!w">
                                    <field name="VAR" id=".Y].C]m8I-9g=[`{ql6p" variabletype="">i</field>
                                  </block>
                                </value>
                              </block>
                            </value>
                            <statement name="DO0">
                              <block type="set_pixel_color_rgb_de" id="[}pF!)hm4.y88F!20$E]">
                                <field name="PIN">D3</field>
                                <value name="PXNUMBER">
                                  <block type="math_number" id="J``-@o5qOj0A;y9.`WZc">
                                    <field name="NUM">0</field>
                                  </block>
                                </value>
                                <value name="RED">
                                  <block type="math_number" id="W+WAywD,rwoo6pn}hlCs">
                                    <field name="NUM">128</field>
                                  </block>
                                </value>
                                <value name="GREEN">
                                  <block type="math_number" id="QTS)#W1JO|O0ema,POrr">
                                    <field name="NUM">0</field>
                                  </block>
                                </value>
                                <value name="BLUE">
                                  <block type="math_number" id="640K:CxG{C.cA,.oX5wm">
                                    <field name="NUM">126</field>
                                  </block>
                                </value>
                                <next>
                                  <block type="neopixel_show_de" id=")7gHp#qQ7L8E@t7-:s],">
                                    <field name="PIN">D3</field>
                                    <next>
                                      <block type="base_delay" id="lid%2j^%,dtSOlZq=XG_">
                                        <value name="DELAY_TIME">
                                          <block type="math_number" id="y|I,mdG:]$6whm];XC2t">
                                            <field name="NUM">10000</field>
                                          </block>
                                        </value>
                                      </block>
                                    </next>
                                  </block>
                                </next>
                              </block>
                            </statement>
                            <next>
                              <block type="controls_if" id="d(fo+/y2mcT=48OW8ir=">
                                <value name="IF0">
                                  <block type="logic_compare" id="Tgj9*^kV9nu844U-#|Sj">
                                    <field name="OP">EQ</field>
                                    <value name="A">
                                      <block type="math_number" id="LOQnR-Z=8.Bz[j-%_y_Y">
                                        <field name="NUM">7</field>
                                      </block>
                                    </value>
                                    <value name="B">
                                      <block type="variables_get" id="10}C9FDz_pKw`Nq)EFYA">
                                        <field name="VAR" id=".Y].C]m8I-9g=[`{ql6p" variabletype="">i</field>
                                      </block>
                                    </value>
                                  </block>
                                </value>
                                <statement name="DO0">
                                  <block type="set_pixel_color_rgb_de" id="{Rp4,tmU7Bc]3JN7=u6*">
                                    <field name="PIN">D3</field>
                                    <value name="PXNUMBER">
                                      <block type="math_number" id="y6UwJNUh5C=9-M]_{k;g">
                                        <field name="NUM">0</field>
                                      </block>
                                    </value>
                                    <value name="RED">
                                      <block type="math_number" id="%keu_9=tJJ4e|8_+ZT#u">
                                        <field name="NUM">0</field>
                                      </block>
                                    </value>
                                    <value name="GREEN">
                                      <block type="math_number" id="JY$mD~h9g2Pc12YNsd?u">
                                        <field name="NUM">65</field>
                                      </block>
                                    </value>
                                    <value name="BLUE">
                                      <block type="math_number" id="khM3lBj4076dIgN{IkMT">
                                        <field name="NUM">190</field>
                                      </block>
                                    </value>
                                    <next>
                                      <block type="neopixel_show_de" id=".)SQBLfItKe-kK1+G|y}">
                                        <field name="PIN">D3</field>
                                        <next>
                                          <block type="base_delay" id="EYG]O3[Sl)g|c9uk;XM0">
                                            <value name="DELAY_TIME">
                                              <block type="math_number" id="1NlBHs$M8sr}4W;k@(%L">
                                                <field name="NUM">10000</field>
                                              </block>
                                            </value>
                                          </block>
                                        </next>
                                      </block>
                                    </next>
                                  </block>
                                </statement>
                                <next>
                                  <block type="controls_if" id="t_Z.aJPB-S[BY{~^HFS]">
                                    <value name="IF0">
                                      <block type="logic_compare" id="S]`ad2MG/O;B02JIBwDk">
                                        <field name="OP">EQ</field>
                                        <value name="A">
                                          <block type="math_number" id="`eeP2EWscS5*F#1(SJ#q">
                                            <field name="NUM">6</field>
                                          </block>
                                        </value>
                                        <value name="B">
                                          <block type="variables_get" id=":cOZt!sgqW}J$*qaSPSA">
                                            <field name="VAR" id=".Y].C]m8I-9g=[`{ql6p" variabletype="">i</field>
                                          </block>
                                        </value>
                                      </block>
                                    </value>
                                    <statement name="DO0">
                                      <block type="set_pixel_color_rgb_de" id="V^xGN.BwI}a5/FF3!DW:">
                                        <field name="PIN">D3</field>
                                        <value name="PXNUMBER">
                                          <block type="math_number" id=")V0XMtZ!XhjAdyuM:)/;">
                                            <field name="NUM">0</field>
                                          </block>
                                        </value>
                                        <value name="RED">
                                          <block type="math_number" id="CGtl=IgadN8!J4mP|{OA">
                                            <field name="NUM">0</field>
                                          </block>
                                        </value>
                                        <value name="GREEN">
                                          <block type="math_number" id=":)ZN5u=XCNZsPiGVt%Ds">
                                            <field name="NUM">0</field>
                                          </block>
                                        </value>
                                        <value name="BLUE">
                                          <block type="math_number" id="ERe(F5Ahug?|1QAUnciA">
                                            <field name="NUM">255</field>
                                          </block>
                                        </value>
                                        <next>
                                          <block type="neopixel_show_de" id="^FC!*z^njY(rn~UM=2+7">
                                            <field name="PIN">D3</field>
                                            <next>
                                              <block type="base_delay" id="~PZG;EVLk}hCbOzH#*L{">
                                                <value name="DELAY_TIME">
                                                  <block type="math_number" id="OP*h9QIIiDA3H.7RN(e{">
                                                    <field name="NUM">10000</field>
                                                  </block>
                                                </value>
                                              </block>
                                            </next>
                                          </block>
                                        </next>
                                      </block>
                                    </statement>
                                    <next>
                                      <block type="controls_if" id="~iehmfeJ#sng5tjWw,7l">
                                        <value name="IF0">
                                          <block type="logic_compare" id="ugZ}USz:$6p#}:h}.rq3">
                                            <field name="OP">EQ</field>
                                            <value name="A">
                                              <block type="math_number" id="HW;#vADUCJP[|a_1S/m7">
                                                <field name="NUM">5</field>
                                              </block>
                                            </value>
                                            <value name="B">
                                              <block type="variables_get" id="aZoXe;OpmairU-oC%cDg">
                                                <field name="VAR" id=".Y].C]m8I-9g=[`{ql6p" variabletype="">i</field>
                                              </block>
                                            </value>
                                          </block>
                                        </value>
                                        <statement name="DO0">
                                          <block type="set_pixel_color_rgb_de" id=";J;|*ZBs84-arhpMp%)$">
                                            <field name="PIN">D3</field>
                                            <value name="PXNUMBER">
                                              <block type="math_number" id="U9H,:dc}vM2b%V*OFb:M">
                                                <field name="NUM">0</field>
                                              </block>
                                            </value>
                                            <value name="RED">
                                              <block type="math_number" id="=0rEp|+V/z!?1wPbi}_N">
                                                <field name="NUM">0</field>
                                              </block>
                                            </value>
                                            <value name="GREEN">
                                              <block type="math_number" id="l52oX]!vMHe?v=)UIlB(">
                                                <field name="NUM">126</field>
                                              </block>
                                            </value>
                                            <value name="BLUE">
                                              <block type="math_number" id="em3KiYO9SdUb~e/Uw5AD">
                                                <field name="NUM">126</field>
                                              </block>
                                            </value>
                                            <next>
                                              <block type="neopixel_show_de" id="={_Rb#KNb=9kCuPvvP|F">
                                                <field name="PIN">D3</field>
                                                <next>
                                                  <block type="base_delay" id="]66Z(eV)2X.I98JV#u#H">
                                                    <value name="DELAY_TIME">
                                                      <block type="math_number" id="M`YAXJoO[Ic{c=4HPnco">
                                                        <field name="NUM">10000</field>
                                                      </block>
                                                    </value>
                                                  </block>
                                                </next>
                                              </block>
                                            </next>
                                          </block>
                                        </statement>
                                        <next>
                                          <block type="controls_if" id="zN#(XT7OG@,$`3?ZOT2B">
                                            <value name="IF0">
                                              <block type="logic_compare" id="s$|:`gd.ZN[}e2v*5(a2">
                                                <field name="OP">EQ</field>
                                                <value name="A">
                                                  <block type="math_number" id="7sgU{|f^I+^al$qc5J~,">
                                                    <field name="NUM">4</field>
                                                  </block>
                                                </value>
                                                <value name="B">
                                                  <block type="variables_get" id="?,u(N6t^=!ZS:Yy_rT]A">
                                                    <field name="VAR" id=".Y].C]m8I-9g=[`{ql6p" variabletype="">i</field>
                                                  </block>
                                                </value>
                                              </block>
                                            </value>
                                            <statement name="DO0">
                                              <block type="set_pixel_color_rgb_de" id="OQAqE:}OQ=to`_qpRDcB">
                                                <field name="PIN">D3</field>
                                                <value name="PXNUMBER">
                                                  <block type="math_number" id="k/ya+qGk#*DJ,yH1?mG%">
                                                    <field name="NUM">0</field>
                                                  </block>
                                                </value>
                                                <value name="RED">
                                                  <block type="math_number" id="0WU%.^6Wj`M,tUtC-6`*">
                                                    <field name="NUM">0</field>
                                                  </block>
                                                </value>
                                                <value name="GREEN">
                                                  <block type="math_number" id="MV7/:hZWE_B0Dv0j%ACY">
                                                    <field name="NUM">0</field>
                                                  </block>
                                                </value>
                                                <value name="BLUE">
                                                  <block type="math_number" id="Bft-uD*!W)al!q)z_-i[">
                                                    <field name="NUM">0</field>
                                                  </block>
                                                </value>
                                                <next>
                                                  <block type="neopixel_show_de" id="vGR{~;FZM_Yn:7[h9OWz">
                                                    <field name="PIN">D3</field>
                                                    <next>
                                                      <block type="base_delay" id="DG#Agd_x~PR(YT;!;2y#">
                                                        <value name="DELAY_TIME">
                                                          <block type="math_number" id="h1evEPCyn+MVok#N+bFK">
                                                            <field name="NUM">10000</field>
                                                          </block>
                                                        </value>
                                                      </block>
                                                    </next>
                                                  </block>
                                                </next>
                                              </block>
                                            </statement>
                                            <next>
                                              <block type="controls_if" id="4MpCK@pOvhOGC2Xk_BS|">
                                                <value name="IF0">
                                                  <block type="logic_compare" id="c9#[5Z$m?4l,yo6kPb0w">
                                                    <field name="OP">EQ</field>
                                                    <value name="A">
                                                      <block type="math_number" id="#7r?k-QD?_M8$C=39/sp">
                                                        <field name="NUM">3</field>
                                                      </block>
                                                    </value>
                                                    <value name="B">
                                                      <block type="variables_get" id="WaeIRd5c$gVYqEZtt564">
                                                        <field name="VAR" id=".Y].C]m8I-9g=[`{ql6p" variabletype="">i</field>
                                                      </block>
                                                    </value>
                                                  </block>
                                                </value>
                                                <statement name="DO0">
                                                  <block type="set_pixel_color_rgb_de" id="x/.bYbSU)Gk^5bi+)Vps">
                                                    <field name="PIN">D3</field>
                                                    <value name="PXNUMBER">
                                                      <block type="math_number" id="s6G4P1yPFlew2Z67-/nx">
                                                        <field name="NUM">0</field>
                                                      </block>
                                                    </value>
                                                    <value name="RED">
                                                      <block type="math_number" id="/G8AbB^Vz444/]E(|(Fh">
                                                        <field name="NUM">0</field>
                                                      </block>
                                                    </value>
                                                    <value name="GREEN">
                                                      <block type="math_number" id="wo|oYX,5KdTKSTHrkXnG">
                                                        <field name="NUM">100</field>
                                                      </block>
                                                    </value>
                                                    <value name="BLUE">
                                                      <block type="math_number" id="tv{9_.*733x.q6lpKV{r">
                                                        <field name="NUM">155</field>
                                                      </block>
                                                    </value>
                                                    <next>
                                                      <block type="neopixel_show_de" id="9-%1XFLGnXP~7|`#Um_9">
                                                        <field name="PIN">D3</field>
                                                        <next>
                                                          <block type="base_delay" id="o(j8[dRO7^bMN5y|IUqo">
                                                            <value name="DELAY_TIME">
                                                              <block type="math_number" id="b*GU*^%}Q_w3vAN/Fa$h">
                                                                <field name="NUM">10000</field>
                                                              </block>
                                                            </value>
                                                          </block>
                                                        </next>
                                                      </block>
                                                    </next>
                                                  </block>
                                                </statement>
                                                <next>
                                                  <block type="controls_if" id="9=M=GmT:R|WZ.Q9u#rq^">
                                                    <value name="IF0">
                                                      <block type="logic_compare" id="Ro/_Gr[joKA~s#4InRE1">
                                                        <field name="OP">EQ</field>
                                                        <value name="A">
                                                          <block type="math_number" id="Q(LHlMgj!W(]CEM,^0M`">
                                                            <field name="NUM">2</field>
                                                          </block>
                                                        </value>
                                                        <value name="B">
                                                          <block type="variables_get" id="zh${ctX!pq`k7[TRk5~:">
                                                            <field name="VAR" id=".Y].C]m8I-9g=[`{ql6p" variabletype="">i</field>
                                                          </block>
                                                        </value>
                                                      </block>
                                                    </value>
                                                    <statement name="DO0">
                                                      <block type="set_pixel_color_rgb_de" id="vy_$DTc*n[;;AdKGL~N[">
                                                        <field name="PIN">D3</field>
                                                        <value name="PXNUMBER">
                                                          <block type="math_number" id="!R@x^{QPSO}M*z0n;zC7">
                                                            <field name="NUM">0</field>
                                                          </block>
                                                        </value>
                                                        <value name="RED">
                                                          <block type="math_number" id="!HX8{bIHD`@H0Kv=7]3-">
                                                            <field name="NUM">0</field>
                                                          </block>
                                                        </value>
                                                        <value name="GREEN">
                                                          <block type="math_number" id="9Dq@b/4Warqf@/t-N`s{">
                                                            <field name="NUM">255</field>
                                                          </block>
                                                        </value>
                                                        <value name="BLUE">
                                                          <block type="math_number" id="WgPN87%{8%3OasQF9Y3X">
                                                            <field name="NUM">0</field>
                                                          </block>
                                                        </value>
                                                        <next>
                                                          <block type="neopixel_show_de" id="kNzYapO(R9%@V|CsM822">
                                                            <field name="PIN">D3</field>
                                                            <next>
                                                              <block type="base_delay" id="HL-_FeWTSL#~_:`k]/;5">
                                                                <value name="DELAY_TIME">
                                                                  <block type="math_number" id="NDwR{*}aJCz]5Iop]?!i">
                                                                    <field name="NUM">10000</field>
                                                                  </block>
                                                                </value>
                                                              </block>
                                                            </next>
                                                          </block>
                                                        </next>
                                                      </block>
                                                    </statement>
                                                    <next>
                                                      <block type="controls_if" id=";`1j-%Y0T_y~G^P|*UXR">
                                                        <value name="IF0">
                                                          <block type="logic_compare" id="z,^oA7rPyU)2(!tAIxrw">
                                                            <field name="OP">EQ</field>
                                                            <value name="A">
                                                              <block type="math_number" id="P(7PA7[f+4`^FSGRZ`Rx">
                                                                <field name="NUM">1</field>
                                                              </block>
                                                            </value>
                                                            <value name="B">
                                                              <block type="variables_get" id="4v$.4a|zQcp}Es,=Df9z">
                                                                <field name="VAR" id=".Y].C]m8I-9g=[`{ql6p" variabletype="">i</field>
                                                              </block>
                                                            </value>
                                                          </block>
                                                        </value>
                                                        <statement name="DO0">
                                                          <block type="set_pixel_color_rgb_de" id="dPdHH/)}yqydLnuFCzqH">
                                                            <field name="PIN">D3</field>
                                                            <value name="PXNUMBER">
                                                              <block type="math_number" id=".Kg{Wyp%H}JiwpH.IBU^">
                                                                <field name="NUM">0</field>
                                                              </block>
                                                            </value>
                                                            <value name="RED">
                                                              <block type="math_number" id="R}*tt(JIXCW7^j#RerIc">
                                                                <field name="NUM">128</field>
                                                              </block>
                                                            </value>
                                                            <value name="GREEN">
                                                              <block type="math_number" id="M?`{SO)~:CopcS]DMEUL">
                                                                <field name="NUM">126</field>
                                                              </block>
                                                            </value>
                                                            <value name="BLUE">
                                                              <block type="math_number" id="{~49mbE:+6P-y|Ok}byo">
                                                                <field name="NUM">0</field>
                                                              </block>
                                                            </value>
                                                            <next>
                                                              <block type="neopixel_show_de" id="pf^o_S9gTOit83}(|WZo">
                                                                <field name="PIN">D3</field>
                                                                <next>
                                                                  <block type="base_delay" id="5nb.VT96I~J+Ol~~w~U4">
                                                                    <value name="DELAY_TIME">
                                                                      <block type="math_number" id="aA2:R*i_HSMGAUAQ%ut$">
                                                                        <field name="NUM">10000</field>
                                                                      </block>
                                                                    </value>
                                                                  </block>
                                                                </next>
                                                              </block>
                                                            </next>
                                                          </block>
                                                        </statement>
                                                        <next>
                                                          <block type="controls_if" id="0.PFd|x*}{9zXoBe*wGc">
                                                            <value name="IF0">
                                                              <block type="logic_compare" id="CH9Ts;1,gh%];`j8eT6*">
                                                                <field name="OP">EQ</field>
                                                                <value name="A">
                                                                  <block type="math_number" id="q`Tbdby)[blYMhvNAb0t">
                                                                    <field name="NUM">0</field>
                                                                  </block>
                                                                </value>
                                                                <value name="B">
                                                                  <block type="variables_get" id=":6YwUF*Jf]0NbZ/.p]GR">
                                                                    <field name="VAR" id=".Y].C]m8I-9g=[`{ql6p" variabletype="">i</field>
                                                                  </block>
                                                                </value>
                                                              </block>
                                                            </value>
                                                            <statement name="DO0">
                                                              <block type="set_pixel_color_rgb_de" id="8XfV83_(G-!#zf|F=KC@">
                                                                <field name="PIN">D3</field>
                                                                <value name="PXNUMBER">
                                                                  <block type="math_number" id="9BTNRb7`.B$=^bafyc(w">
                                                                    <field name="NUM">0</field>
                                                                  </block>
                                                                </value>
                                                                <value name="RED">
                                                                  <block type="math_number" id="D$u]BDdQ;R`?Hn/aEm@+">
                                                                    <field name="NUM">255</field>
                                                                  </block>
                                                                </value>
                                                                <value name="GREEN">
                                                                  <block type="math_number" id="8yO^xS2}t$H#N9acE_4;">
                                                                    <field name="NUM">255</field>
                                                                  </block>
                                                                </value>
                                                                <value name="BLUE">
                                                                  <block type="math_number" id="s,+Dy+RBk|yR~,tEjI*{">
                                                                    <field name="NUM">255</field>
                                                                  </block>
                                                                </value>
                                                                <next>
                                                                  <block type="neopixel_show_de" id="h]!?uU2!|VEgGB]eiJR5">
                                                                    <field name="PIN">D3</field>
                                                                    <next>
                                                                      <block type="base_delay" id="[Ws)|j?WpAM?V97dr.8m">
                                                                        <value name="DELAY_TIME">
                                                                          <block type="math_number" id="+HrI}Wnb3U_@,{dlSSLp">
                                                                            <field name="NUM">10000</field>
                                                                          </block>
                                                                        </value>
                                                                      </block>
                                                                    </next>
                                                                  </block>
                                                                </next>
                                                              </block>
                                                            </statement>
                                                            <next>
                                                              <block type="serial_print" id="zRQur_?}JjNHWK{6po1!">
                                                                <value name="CONTENT">
                                                                  <block type="variables_get" id="??pW7[Wrx-Pch1:~jt26">
                                                                    <field name="VAR" id=".Y].C]m8I-9g=[`{ql6p" variabletype="">i</field>
                                                                  </block>
                                                                </value>
                                                              </block>
                                                            </next>
                                                          </block>
                                                        </next>
                                                      </block>
                                                    </next>
                                                  </block>
                                                </next>
                                              </block>
                                            </next>
                                          </block>
                                        </next>
                                      </block>
                                    </next>
                                  </block>
                                </next>
                              </block>
                            </next>
                          </block>
                        </next>
                      </block>
                    </next>
                  </block>
                </next>
              </block>
            </next>
          </block>
        </next>
      </block>
    </statement>
  </block>
</xml>