<xml xmlns="http://www.w3.org/1999/xhtml">
  <variables>
    <variable type="" id="/hh8V3J*MBi{v_;OA^Wc">Lautstärke</variable>
    <variable type="" id="7oP#ExnAo*9Jj6_5934F">AnzahlPixel</variable>
    <variable type="" id="N47_lK2fX,U0c@O`f|a8">i</variable>
    <variable type="" id="l|Gd(Z9ver=:6rib2Gra">k</variable>
    <variable type="" id="/{p74UL(qod^(s*SI23^">maz</variable>
    <variable type="" id="vc0jB.Oj)L!wuxMAb50C">farbe</variable>
    <variable type="" id="EAyKq9:Wwd_VsR3a@$FD">newFarbe</variable>
  </variables>
  <block type="arduino_functions" id="OC*3{#BwgNZ/?(]Oc/?;" x="38" y="35">
    <statement name="SETUP_FUNC">
      <block type="connect_baall_de" id="c/{5~kb7UJ61SBOn*}E7">
        <next>
          <block type="setup_neopixel_de" id="}#`Mz}PO~98lLX6!O`L2">
            <field name="PIN">D3</field>
            <field name="TYPE1">NEO_GRB</field>
            <field name="TYPE2">NEO_KHZ800</field>
            <value name="LEDNUM">
              <block type="math_number" id="Iyj[*@~i1XAAYZlt;*l#">
                <field name="NUM">15</field>
              </block>
            </value>
            <next>
              <block type="set_neopixel_brightness_de" id="3q57B!s=2+Zn~]fyV1dH">
                <field name="PIN">D3</field>
                <value name="BRIGHTNESS">
                  <block type="math_number" id="=0Bb9,MIl?2)xavf[J[K">
                    <field name="NUM">255</field>
                  </block>
                </value>
                <next>
                  <block type="variables_set" id="yCq~1+KAAEY:znE[j!OZ">
                    <field name="VAR" id="/hh8V3J*MBi{v_;OA^Wc" variabletype="">Lautstärke</field>
                    <value name="VALUE">
                      <block type="get_status_item_de" id="O;9Wr#B.2D+,c~AsuLRz">
                        <field name="item">dimmable</field>
                        <value name="name">
                          <block type="text" id="JA@R6RQ[(G}/6j.|@hb+">
                            <field name="TEXT">tvVolume</field>
                          </block>
                        </value>
                      </block>
                    </value>
                    <next>
                      <block type="variables_set" id="(i]3y;j|SK5wNff~KHP,">
                        <field name="VAR" id="7oP#ExnAo*9Jj6_5934F" variabletype="">AnzahlPixel</field>
                        <value name="VALUE">
                          <block type="math_arithmetic" id="?Ko,oK|PI7#%I}r@=:o1">
                            <field name="OP">MINUS</field>
                            <value name="A">
                              <block type="math_arithmetic" id="]G,E8uhC6XnXg,jRama4">
                                <field name="OP">DIVIDE</field>
                                <value name="A">
                                  <block type="variables_get" id="rgZ#E89Ulzv.-R=Tz;k]">
                                    <field name="VAR" id="/hh8V3J*MBi{v_;OA^Wc" variabletype="">Lautstärke</field>
                                  </block>
                                </value>
                                <value name="B">
                                  <block type="math_number" id="lSNna!4PJl#jv~0A5`6Q">
                                    <field name="NUM">7</field>
                                  </block>
                                </value>
                              </block>
                            </value>
                            <value name="B">
                              <block type="math_number" id="A1:VF{g%8WEraM+}Z[_M">
                                <field name="NUM">1</field>
                              </block>
                            </value>
                          </block>
                        </value>
                        <next>
                          <block type="variables_set" id="s_,^{b6|9_:nNzkUNbBL">
                            <field name="VAR" id="/{p74UL(qod^(s*SI23^" variabletype="">maz</field>
                            <value name="VALUE">
                              <block type="variables_get" id="c;^^=:zZM0FIRb~vFF;}">
                                <field name="VAR" id="/hh8V3J*MBi{v_;OA^Wc" variabletype="">Lautstärke</field>
                              </block>
                            </value>
                            <next>
                              <block type="variables_set" id="XFRwD!dURO]qfkn5Yr}C">
                                <field name="VAR" id="vc0jB.Oj)L!wuxMAb50C" variabletype="">farbe</field>
                                <value name="VALUE">
                                  <block type="math_number" id="4X10|D0X{NteS0qWTxPu">
                                    <field name="NUM">18</field>
                                  </block>
                                </value>
                              </block>
                            </next>
                          </block>
                        </next>
                      </block>
                    </next>
                  </block>
                </next>
              </block>
            </next>
          </block>
        </next>
      </block>
    </statement>
    <statement name="LOOP_FUNC">
      <block type="variables_set" id="haiCq^1LPt;q|_ppZ4](">
        <field name="VAR" id="/hh8V3J*MBi{v_;OA^Wc" variabletype="">Lautstärke</field>
        <value name="VALUE">
          <block type="get_status_item_de" id="u0eM#lQ(Oh,1aeJm7a/]">
            <field name="item">dimmable</field>
            <value name="name">
              <block type="text" id="537(DX_}u8w9BA~FCZNm">
                <field name="TEXT">tvVolume</field>
              </block>
            </value>
          </block>
        </value>
        <next>
          <block type="variables_set" id="!FSD3%.Td@j#gmRG~5(^">
            <field name="VAR" id="7oP#ExnAo*9Jj6_5934F" variabletype="">AnzahlPixel</field>
            <value name="VALUE">
              <block type="math_arithmetic" id="|ToZrllfmElA1Dv2f5cI">
                <field name="OP">MINUS</field>
                <value name="A">
                  <block type="math_arithmetic" id="*T0Xv/j#d08C%8$CW+`,">
                    <field name="OP">DIVIDE</field>
                    <value name="A">
                      <block type="variables_get" id="52w3baYj;oA9BgRW|{1K">
                        <field name="VAR" id="/hh8V3J*MBi{v_;OA^Wc" variabletype="">Lautstärke</field>
                      </block>
                    </value>
                    <value name="B">
                      <block type="math_number" id="3wkamUu(;p$bv])=$j!5">
                        <field name="NUM">7</field>
                      </block>
                    </value>
                  </block>
                </value>
                <value name="B">
                  <block type="math_number" id="[j4_@N-_Grv/avf_p8WN">
                    <field name="NUM">1</field>
                  </block>
                </value>
              </block>
            </value>
            <next>
              <block type="serial_print" id="H,t:.$LZ$Lb|rXS]]E10">
                <value name="CONTENT">
                  <block type="variables_get" id="H%S5/A9^Qr#Bse,].Had">
                    <field name="VAR" id="7oP#ExnAo*9Jj6_5934F" variabletype="">AnzahlPixel</field>
                  </block>
                </value>
                <next>
                  <block type="serial_print" id="0-2IbZAzGh5EuXV|YSpc">
                    <value name="CONTENT">
                      <block type="variables_get" id="THaI3/Z@b%!7HeBK9pQ-">
                        <field name="VAR" id="/hh8V3J*MBi{v_;OA^Wc" variabletype="">Lautstärke</field>
                      </block>
                    </value>
                    <next>
                      <block type="controls_for" id="G8:O,rQy,yeYjw~=Ss8U">
                        <field name="VAR" id="N47_lK2fX,U0c@O`f|a8" variabletype="">i</field>
                        <value name="FROM">
                          <block type="math_number" id="RZA7boIt*Wt`/srzeTB4">
                            <field name="NUM">0</field>
                          </block>
                        </value>
                        <value name="TO">
                          <block type="variables_get" id="cK%Lzr1~%K|pVy^_x!7T">
                            <field name="VAR" id="7oP#ExnAo*9Jj6_5934F" variabletype="">AnzahlPixel</field>
                          </block>
                        </value>
                        <value name="BY">
                          <block type="math_number" id="DVkiRF*8pLfjL=Zkz$|o">
                            <field name="NUM">1</field>
                          </block>
                        </value>
                        <statement name="DO">
                          <block type="set_pixel_color_rgb_de" id="~|7TQ_vZgeUy3~5pqY?O">
                            <field name="PIN">D3</field>
                            <value name="PXNUMBER">
                              <block type="variables_get" id="|G],zWGlZ}W=~TnYZG_Y">
                                <field name="VAR" id="N47_lK2fX,U0c@O`f|a8" variabletype="">i</field>
                              </block>
                            </value>
                            <value name="RED">
                              <block type="variables_get" id=".79x6}x=]d]rKc/K~WFN">
                                <field name="VAR" id="vc0jB.Oj)L!wuxMAb50C" variabletype="">farbe</field>
                              </block>
                            </value>
                            <value name="GREEN">
                              <block type="math_number" id="FI}w|-M/FM-]%ui|uRDi">
                                <field name="NUM">0</field>
                              </block>
                            </value>
                            <value name="BLUE">
                              <block type="math_number" id="1@MFT.LPI5e^4c329bm%">
                                <field name="NUM">100</field>
                              </block>
                            </value>
                            <next>
                              <block type="neopixel_show_de" id="[`C{/{%`WoX0~,US8*Pb">
                                <field name="PIN">D3</field>
                                <next>
                                  <block type="variables_set" id=",iR8Ki76T8cu{a0MTdfO">
                                    <field name="VAR" id="vc0jB.Oj)L!wuxMAb50C" variabletype="">farbe</field>
                                    <value name="VALUE">
                                      <block type="math_arithmetic" id="9oqv1ZmjFY1di6;wRxI*">
                                        <field name="OP">ADD</field>
                                        <value name="A">
                                          <block type="variables_get" id="/*jU?cg|bV3qTyoAvf*l">
                                            <field name="VAR" id="vc0jB.Oj)L!wuxMAb50C" variabletype="">farbe</field>
                                          </block>
                                        </value>
                                        <value name="B">
                                          <block type="math_number" id="UC9Z_odyV)*IRq9kp)p?">
                                            <field name="NUM">18</field>
                                          </block>
                                        </value>
                                      </block>
                                    </value>
                                  </block>
                                </next>
                              </block>
                            </next>
                          </block>
                        </statement>
                        <next>
                          <block type="variables_set" id="XC6s]|H3[^]c[:cs*5Dg">
                            <field name="VAR" id="vc0jB.Oj)L!wuxMAb50C" variabletype="">farbe</field>
                            <value name="VALUE">
                              <block type="math_number" id="qf7+f]lF7EkhVt[*khGf">
                                <field name="NUM">18</field>
                              </block>
                            </value>
                            <next>
                              <block type="base_delay" id="%,Bt|II_8hDWfj|W%wE(">
                                <value name="DELAY_TIME">
                                  <block type="math_number" id="],xSN/Ce2)-E+G2[7=|Q">
                                    <field name="NUM">2000</field>
                                  </block>
                                </value>
                                <next>
                                  <block type="controls_if" id="}Sx$bDQw^T(;UrY+)rST">
                                    <value name="IF0">
                                      <block type="logic_compare" id="ccQ7q2C..%UUV,[CX_Ot">
                                        <field name="OP">NEQ</field>
                                        <value name="A">
                                          <block type="variables_get" id="$^}5HjCkonnKcq2Uc4^4">
                                            <field name="VAR" id="/{p74UL(qod^(s*SI23^" variabletype="">maz</field>
                                          </block>
                                        </value>
                                        <value name="B">
                                          <block type="variables_get" id="@q^BnIyG.?w.Na;$=ZX+">
                                            <field name="VAR" id="/hh8V3J*MBi{v_;OA^Wc" variabletype="">Lautstärke</field>
                                          </block>
                                        </value>
                                      </block>
                                    </value>
                                    <statement name="DO0">
                                      <block type="controls_for" id="njP*;AW}@p?U9{S(%2sA">
                                        <field name="VAR" id="N47_lK2fX,U0c@O`f|a8" variabletype="">i</field>
                                        <value name="FROM">
                                          <block type="math_number" id="ODW~@Knz63aYWP?lnU4Y">
                                            <field name="NUM">0</field>
                                          </block>
                                        </value>
                                        <value name="TO">
                                          <block type="math_number" id="2q9sSaXs;MHm$J6u2P=+">
                                            <field name="NUM">15</field>
                                          </block>
                                        </value>
                                        <value name="BY">
                                          <block type="math_number" id="HnuQ=W7vw:/h#;H3#S^S">
                                            <field name="NUM">1</field>
                                          </block>
                                        </value>
                                        <statement name="DO">
                                          <block type="set_pixel_color_rgb_de" id="HkiTD^B]!bk2dz$~ADbf">
                                            <field name="PIN">D3</field>
                                            <value name="PXNUMBER">
                                              <block type="variables_get" id="/y`Y?DqJnnV*#9zHWF+O">
                                                <field name="VAR" id="N47_lK2fX,U0c@O`f|a8" variabletype="">i</field>
                                              </block>
                                            </value>
                                            <value name="RED">
                                              <block type="math_number" id="w5[L%nNHobU_RpeA#crM">
                                                <field name="NUM">0</field>
                                              </block>
                                            </value>
                                            <value name="GREEN">
                                              <block type="math_number" id="%.^;0JNN8,iAGf7THb3#">
                                                <field name="NUM">0</field>
                                              </block>
                                            </value>
                                            <value name="BLUE">
                                              <block type="math_number" id="LeT~oBH3)q~cvmY4sza:">
                                                <field name="NUM">0</field>
                                              </block>
                                            </value>
                                            <next>
                                              <block type="neopixel_show_de" id="IeCVD~w+|]INiHRZhfW@">
                                                <field name="PIN">D3</field>
                                              </block>
                                            </next>
                                          </block>
                                        </statement>
                                      </block>
                                    </statement>
                                    <next>
                                      <block type="variables_set" id="W(dgrn?]l*VVT`fWuz?~">
                                        <field name="VAR" id="/{p74UL(qod^(s*SI23^" variabletype="">maz</field>
                                        <value name="VALUE">
                                          <block type="variables_get" id="si:0]Qj0FA6m6`fTdF*5">
                                            <field name="VAR" id="/hh8V3J*MBi{v_;OA^Wc" variabletype="">Lautstärke</field>
                                          </block>
                                        </value>
                                      </block>
                                    </next>
                                  </block>
                                </next>
                              </block>
                            </next>
                          </block>
                        </next>
                      </block>
                    </next>
                  </block>
                </next>
              </block>
            </next>
          </block>
        </next>
      </block>
    </statement>
  </block>
</xml>