<xml xmlns="http://www.w3.org/1999/xhtml">
  <variables>
    <variable type="" id="}bvnf|{oO^buGhUGhjJ*">Wetter</variable>
    <variable type="" id="{Bp?gW.Sy?PBOOZ^cWEC">i</variable>
    <variable type="" id="fLgz)?6e/TUT0t9!?i)N">j</variable>
    <variable type="" id="J^cazinxJY72Ex++$?cA">k</variable>
    <variable type="" id="7b:#U@*ae[Z(U_RU84h?">m</variable>
  </variables>
  <block type="arduino_functions" id="7x]6@8rjb]XmEu-|G.Q!" x="98" y="132">
    <statement name="SETUP_FUNC">
      <block type="connect_wifi" id="=*?U/#BPzZ@gANIjV%J!">
        <next>
          <block type="variables_set" id="w2Rh0.gH{3JHdP#PClbG">
            <field name="VAR" id="}bvnf|{oO^buGhUGhjJ*" variabletype="">Wetter</field>
            <value name="VALUE">
              <block type="getcurrentWeathercondition" id="Z@:b+3ovlQ;fH;EIsu$B">
                <field name="WEATHER">Condition</field>
              </block>
            </value>
            <next>
              <block type="setup_neopixel_de" id="fy!,iMR78^}_#;R_3oQ-">
                <field name="PIN">D3</field>
                <field name="TYPE1">NEO_GRB</field>
                <field name="TYPE2">NEO_KHZ800</field>
                <value name="LEDNUM">
                  <block type="math_number" id="#Y-wp4nF?*n}CF,KjFP)">
                    <field name="NUM">24</field>
                  </block>
                </value>
                <next>
                  <block type="set_neopixel_brightness_de" id="sTFZwH0a*oV-iESd{P04">
                    <field name="PIN">D3</field>
                    <value name="BRIGHTNESS">
                      <block type="math_number" id="8NhcG72/O-7JMfT-J:QN">
                        <field name="NUM">100</field>
                      </block>
                    </value>
                  </block>
                </next>
              </block>
            </next>
          </block>
        </next>
      </block>
    </statement>
    <statement name="LOOP_FUNC">
      <block type="controls_if" id="579c5P7+1VM4~[(h0Rf|">
        <value name="IF0">
          <block type="logic_compare" id="hS7gNI%=.667;TA+FB=f">
            <field name="OP">GT</field>
            <value name="A">
              <block type="lastcheck" id="4K3{]BHLK9.B+nO$CNu]"></block>
            </value>
            <value name="B">
              <block type="math_number" id="Zu:cP{G,.QAz`.eKOX`6">
                <field name="NUM">10000</field>
              </block>
            </value>
          </block>
        </value>
        <statement name="DO0">
          <block type="variables_set" id="lnzsUX%+6R*5,8|^ZPCN">
            <field name="VAR" id="}bvnf|{oO^buGhUGhjJ*" variabletype="">Wetter</field>
            <value name="VALUE">
              <block type="getcurrentWeathercondition" id="NJV`eT+=/Q).$k;Oygv~">
                <field name="WEATHER">Condition</field>
              </block>
            </value>
            <next>
              <block type="serial_print" id="kKAJ/rG_[iS%qA8d(%QG">
                <value name="CONTENT">
                  <block type="variables_get" id=".~`ny*sqZ?;RCy0}x}io">
                    <field name="VAR" id="}bvnf|{oO^buGhUGhjJ*" variabletype="">Wetter</field>
                  </block>
                </value>
                <next>
                  <block type="resettime" id="y;j~DLl#LO`4ac6CHq^g"></block>
                </next>
              </block>
            </next>
          </block>
        </statement>
        <next>
          <block type="controls_if" id="PTW-D8S7Yq5[Tnh|pZ)7">
            <mutation elseif="1" else="1"></mutation>
            <value name="IF0">
              <block type="logic_compare" id="irvPiJp,oe6[Vi^*WK8M">
                <field name="OP">EQ</field>
                <value name="A">
                  <block type="variables_get" id="?GC4AKGCZ%)?KW+r487@">
                    <field name="VAR" id="}bvnf|{oO^buGhUGhjJ*" variabletype="">Wetter</field>
                  </block>
                </value>
                <value name="B">
                  <block type="math_number" id="ED#;XT0^:,t.cx:{;Vo0">
                    <field name="NUM">5</field>
                  </block>
                </value>
              </block>
            </value>
            <statement name="DO0">
              <block type="controls_for" id="Kc,Ftpn:c}X$(!A5*ZQ;">
                <field name="VAR" id="J^cazinxJY72Ex++$?cA" variabletype="">k</field>
                <value name="FROM">
                  <block type="math_number" id="trh@`)FO00;*kzX-w5#:">
                    <field name="NUM">0</field>
                  </block>
                </value>
                <value name="TO">
                  <block type="math_number" id="|4I}0F$ew,b**zA?2VE1">
                    <field name="NUM">23</field>
                  </block>
                </value>
                <value name="BY">
                  <block type="math_number" id="U-dpG`Hp@*g5ZI@xM|UH">
                    <field name="NUM">1</field>
                  </block>
                </value>
                <statement name="DO">
                  <block type="set_pixel_color_rgb_de" id="=-@+;(6B!CCq#=}5|ly=">
                    <field name="PIN">D3</field>
                    <value name="PXNUMBER">
                      <block type="variables_get" id="A7GLKY73rxGzd70e5D^g">
                        <field name="VAR" id="J^cazinxJY72Ex++$?cA" variabletype="">k</field>
                      </block>
                    </value>
                    <value name="RED">
                      <block type="math_number" id="M+WmvLaZQ5,x?!VZ};hL">
                        <field name="NUM">0</field>
                      </block>
                    </value>
                    <value name="GREEN">
                      <block type="math_number" id="[D[bv1H0CY%i){vEF,.g">
                        <field name="NUM">0</field>
                      </block>
                    </value>
                    <value name="BLUE">
                      <block type="math_number" id="*nGd6uy4J%[CjEG`AG+b">
                        <field name="NUM">255</field>
                      </block>
                    </value>
                    <next>
                      <block type="neopixel_show_de" id="`sz4:bvUR3Nb9%}l%LRV">
                        <field name="PIN">D3</field>
                      </block>
                    </next>
                  </block>
                </statement>
              </block>
            </statement>
            <value name="IF1">
              <block type="logic_compare" id="ZF;%4rM)K9qB|yqClB%E">
                <field name="OP">EQ</field>
                <value name="A">
                  <block type="variables_get" id="M3XXT:5Sazf=^1jI@#0b">
                    <field name="VAR" id="}bvnf|{oO^buGhUGhjJ*" variabletype="">Wetter</field>
                  </block>
                </value>
                <value name="B">
                  <block type="math_number" id="6EC!%Tx%zsi,a/hMn1pC">
                    <field name="NUM">0</field>
                  </block>
                </value>
              </block>
            </value>
            <statement name="DO1">
              <block type="controls_for" id="un*c.b#beVp|/5UOmc#6">
                <field name="VAR" id="7b:#U@*ae[Z(U_RU84h?" variabletype="">m</field>
                <value name="FROM">
                  <block type="math_number" id="wj^$##zD*/aQ@?MOgx$z">
                    <field name="NUM">0</field>
                  </block>
                </value>
                <value name="TO">
                  <block type="math_number" id="(F_/MiNV1.Vg#Bq8hQW|">
                    <field name="NUM">23</field>
                  </block>
                </value>
                <value name="BY">
                  <block type="math_number" id="irfu.HQ2F@_w1Pq#a4fD">
                    <field name="NUM">1</field>
                  </block>
                </value>
                <statement name="DO">
                  <block type="set_pixel_color_rgb_de" id="ngwt]h25%lV=,o^8k*Q,">
                    <field name="PIN">D3</field>
                    <value name="PXNUMBER">
                      <block type="variables_get" id="@_Avua=1]55,GE:2lXGc">
                        <field name="VAR" id="7b:#U@*ae[Z(U_RU84h?" variabletype="">m</field>
                      </block>
                    </value>
                    <value name="RED">
                      <block type="math_number" id="hzFgSCcY`*C8!G+6z$iW">
                        <field name="NUM">255</field>
                      </block>
                    </value>
                    <value name="GREEN">
                      <block type="math_number" id="yxvx9MWy~B,*`aXpY}-W">
                        <field name="NUM">0</field>
                      </block>
                    </value>
                    <value name="BLUE">
                      <block type="math_number" id="YCFoy;5`94OeUdD6+Ly~">
                        <field name="NUM">0</field>
                      </block>
                    </value>
                    <next>
                      <block type="neopixel_show_de" id="[F;z#T?fm.dwgzl_3q_j">
                        <field name="PIN">D3</field>
                      </block>
                    </next>
                  </block>
                </statement>
              </block>
            </statement>
            <statement name="ELSE">
              <block type="controls_for" id="8DjO*tJRx|yg(v|B?shW">
                <field name="VAR" id="{Bp?gW.Sy?PBOOZ^cWEC" variabletype="">i</field>
                <value name="FROM">
                  <block type="math_number" id=":ygVhBDlrGU3K*PYwS0E">
                    <field name="NUM">0</field>
                  </block>
                </value>
                <value name="TO">
                  <block type="math_number" id="fZmqUYeNlfEhu8X^wb5d">
                    <field name="NUM">23</field>
                  </block>
                </value>
                <value name="BY">
                  <block type="math_number" id="sm#}K3!U)]g^Fr,w{LeL">
                    <field name="NUM">1</field>
                  </block>
                </value>
                <statement name="DO">
                  <block type="set_pixel_color_rgb_de" id="+O0xut03ZyKBsCmqP|w1">
                    <field name="PIN">D3</field>
                    <value name="PXNUMBER">
                      <block type="variables_get" id="2`-cYc,abRurayBax0Vn">
                        <field name="VAR" id="{Bp?gW.Sy?PBOOZ^cWEC" variabletype="">i</field>
                      </block>
                    </value>
                    <value name="RED">
                      <block type="math_number" id="{M*hq-6En953R[2JJ$K|">
                        <field name="NUM">0</field>
                      </block>
                    </value>
                    <value name="GREEN">
                      <block type="math_number" id="OiHP..v@UjjTNy?#CSo]">
                        <field name="NUM">255</field>
                      </block>
                    </value>
                    <value name="BLUE">
                      <block type="math_number" id="2vp1/((Mlzs:X~zC6e0w">
                        <field name="NUM">0</field>
                      </block>
                    </value>
                    <next>
                      <block type="neopixel_show_de" id="z_jlcP:7x*](N+HJ9_4f">
                        <field name="PIN">D3</field>
                      </block>
                    </next>
                  </block>
                </statement>
              </block>
            </statement>
            <next>
              <block type="controls_for" id="MyY*)CY7t5pW^tE}7O}8">
                <field name="VAR" id="fLgz)?6e/TUT0t9!?i)N" variabletype="">j</field>
                <value name="FROM">
                  <block type="math_number" id="6nprouAw|!Hoqb8$e*kz">
                    <field name="NUM">0</field>
                  </block>
                </value>
                <value name="TO">
                  <block type="math_number" id=".;fa)4dNs$rO3[O;KFBu">
                    <field name="NUM">23</field>
                  </block>
                </value>
                <value name="BY">
                  <block type="math_number" id="b5O79g%GNEk9i}~8tLYN">
                    <field name="NUM">1</field>
                  </block>
                </value>
                <statement name="DO">
                  <block type="set_pixel_color_rgb_de" id="]+@N4!{HzqFxxQu2hKhq">
                    <field name="PIN">D3</field>
                    <value name="PXNUMBER">
                      <block type="variables_get" id="Dr)4JX@BpLUPO:/3a#y5">
                        <field name="VAR" id="fLgz)?6e/TUT0t9!?i)N" variabletype="">j</field>
                      </block>
                    </value>
                    <value name="RED">
                      <block type="math_number" id="1Q;_lCIdGJ_ef_3_bEe5">
                        <field name="NUM">255</field>
                      </block>
                    </value>
                    <value name="GREEN">
                      <block type="math_number" id="J]ZbLw;:WRi4ZPx@`$]F">
                        <field name="NUM">255</field>
                      </block>
                    </value>
                    <value name="BLUE">
                      <block type="math_number" id="dBjXo^TnQ{2PHPn9b=.)">
                        <field name="NUM">255</field>
                      </block>
                    </value>
                    <next>
                      <block type="neopixel_show_de" id="tEoKUKhzUsQ(6.}0`;kO">
                        <field name="PIN">D3</field>
                        <next>
                          <block type="base_delay" id="0jl!qqT1)aMWxvmfWi%F">
                            <value name="DELAY_TIME">
                              <block type="math_number" id="5XD5aD}AJWDg({m(SP(C">
                                <field name="NUM">100</field>
                              </block>
                            </value>
                          </block>
                        </next>
                      </block>
                    </next>
                  </block>
                </statement>
              </block>
            </next>
          </block>
        </next>
      </block>
    </statement>
  </block>
</xml>