<xml xmlns="http://www.w3.org/1999/xhtml">
  <variables>
    <variable type="" id="_v9*Z%J_UwcUBcNb*Fn}">wetter</variable>
  </variables>
  <block type="arduino_functions" id="*4@NeNg@!Lezl/bt):/9" x="19" y="-33">
    <statement name="SETUP_FUNC">
      <block type="connect_wifi" id="@z{KLMGGoN*m$fw771.K">
        <next>
          <block type="setup_neopixel_de" id="^MEbtz]hpE5~AguLtgpe">
            <field name="PIN">D3</field>
            <field name="TYPE1">NEO_GRB</field>
            <field name="TYPE2">NEO_KHZ800</field>
            <value name="LEDNUM">
              <block type="math_number" id="U^v[gfGsiv%LSzct+KRB">
                <field name="NUM">1</field>
              </block>
            </value>
          </block>
        </next>
      </block>
    </statement>
    <statement name="LOOP_FUNC">
      <block type="variables_set" id="{)ynqk}/AJyAb*+QPW+(">
        <field name="VAR" id="_v9*Z%J_UwcUBcNb*Fn}" variabletype="">wetter</field>
        <value name="VALUE">
          <block type="getcurrentWeathercondition" id="73-@/m^Aq1=i_UQK-wV`">
            <field name="WEATHER">Wind</field>
          </block>
        </value>
        <next>
          <block type="controls_if" id="{}fN!{Lg6+g|SL#XXiDO">
            <mutation else="1"></mutation>
            <value name="IF0">
              <block type="logic_compare" id=";vdVNa5T!}HcNv.d?;af">
                <field name="OP">LT</field>
                <value name="A">
                  <block type="variables_get" id="K+Vz(y{92=.5`-u)iE*J">
                    <field name="VAR" id="_v9*Z%J_UwcUBcNb*Fn}" variabletype="">wetter</field>
                  </block>
                </value>
                <value name="B">
                  <block type="math_number" id="{},C^8oOzARFt!KZjj;h">
                    <field name="NUM">5</field>
                  </block>
                </value>
              </block>
            </value>
            <statement name="DO0">
              <block type="controls_repeat_ext" id="nmc28;{oc2Foub/-j^:V">
                <value name="TIMES">
                  <block type="math_number" id="~Ya^99@{:Uup,|(XUoYF">
                    <field name="NUM">3</field>
                  </block>
                </value>
                <statement name="DO">
                  <block type="neopixel_fade_de" id="EaTGaXYG1ok6mQ)]%WIA">
                    <field name="PIN">D3</field>
                    <value name="PXNUMBER">
                      <block type="math_number" id="%5MxhilG---y+2oy;#fO">
                        <field name="NUM">0</field>
                      </block>
                    </value>
                    <value name="DURATION">
                      <block type="math_number" id="P.4~uw6-47@|n55B4Yrb">
                        <field name="NUM">2</field>
                      </block>
                    </value>
                    <value name="TEMPO">
                      <block type="math_number" id="XO-QCx*aY~)q}igyV_)x">
                        <field name="NUM">100</field>
                      </block>
                    </value>
                    <value name="SRED">
                      <block type="math_number" id="L3I7,B|{Uw?^!jqJd=x+">
                        <field name="NUM">255</field>
                      </block>
                    </value>
                    <value name="SGREEN">
                      <block type="math_number" id="2}rx,$NoL6x:o8N^/k4+">
                        <field name="NUM">255</field>
                      </block>
                    </value>
                    <value name="SBLUE">
                      <block type="math_number" id="C,R[;kIE3PGA9~q,3e}-">
                        <field name="NUM">255</field>
                      </block>
                    </value>
                    <value name="ERED">
                      <block type="math_number" id="9wr@|0K8)XiB/V.X?peS">
                        <field name="NUM">0</field>
                      </block>
                    </value>
                    <value name="EGREEN">
                      <block type="math_number" id="|+K^Na#ks^GK23=4t`S_">
                        <field name="NUM">0</field>
                      </block>
                    </value>
                    <value name="EBLUE">
                      <block type="math_number" id=",o.Sr-}UV=aTD/+JSG2=">
                        <field name="NUM">255</field>
                      </block>
                    </value>
                    <next>
                      <block type="neopixel_fade_de" id="E:}[I6k6ER}6WZFk@#GT">
                        <field name="PIN">D3</field>
                        <value name="PXNUMBER">
                          <block type="math_number" id="na:#OQ3Kak|i+-]Fz!Lf">
                            <field name="NUM">0</field>
                          </block>
                        </value>
                        <value name="DURATION">
                          <block type="math_number" id="Mz3t94,g#+d,@V+^v8{=">
                            <field name="NUM">10</field>
                          </block>
                        </value>
                        <value name="TEMPO">
                          <block type="math_number" id="QjaYoe/is97WW1]pREhG">
                            <field name="NUM">100</field>
                          </block>
                        </value>
                        <value name="SRED">
                          <block type="math_number" id="X7/ECF8nh$HA}_AvAT,6">
                            <field name="NUM">255</field>
                          </block>
                        </value>
                        <value name="SGREEN">
                          <block type="math_number" id="SacR37Q0cxV62|*W)KB_">
                            <field name="NUM">255</field>
                          </block>
                        </value>
                        <value name="SBLUE">
                          <block type="math_number" id="3WQ`Ik|uBWy^soDX}A4_">
                            <field name="NUM">255</field>
                          </block>
                        </value>
                        <value name="ERED">
                          <block type="math_number" id="tjr|H_56{Rk%^{lMXn!H">
                            <field name="NUM">0</field>
                          </block>
                        </value>
                        <value name="EGREEN">
                          <block type="math_number" id="zz`otd*dN,7w,2HEnw7o">
                            <field name="NUM">0</field>
                          </block>
                        </value>
                        <value name="EBLUE">
                          <block type="math_number" id="aNo=S2Ic*,_jb9:O,x]}">
                            <field name="NUM">255</field>
                          </block>
                        </value>
                        <next>
                          <block type="neopixel_fade_de" id="6v[T=OJ/?mOj:{SmqdgM">
                            <field name="PIN">D3</field>
                            <value name="PXNUMBER">
                              <block type="math_number" id="ETde7g-9:7weH@5f54Q$">
                                <field name="NUM">0</field>
                              </block>
                            </value>
                            <value name="DURATION">
                              <block type="math_number" id="V|_Dv3?Wp83|-_O@mI~K">
                                <field name="NUM">2</field>
                              </block>
                            </value>
                            <value name="TEMPO">
                              <block type="math_number" id="6=}Vrf1BLCN8ioFn5}vy">
                                <field name="NUM">100</field>
                              </block>
                            </value>
                            <value name="SRED">
                              <block type="math_number" id="1q.%V^CdxSj@AK/WAH|6">
                                <field name="NUM">255</field>
                              </block>
                            </value>
                            <value name="SGREEN">
                              <block type="math_number" id="_xAlOcWwF!~2vGD=B[g5">
                                <field name="NUM">255</field>
                              </block>
                            </value>
                            <value name="SBLUE">
                              <block type="math_number" id="QHt?NdAA7~R3d3D}6dcA">
                                <field name="NUM">255</field>
                              </block>
                            </value>
                            <value name="ERED">
                              <block type="math_number" id="bPMW?PthaB+.Ym5``1Je">
                                <field name="NUM">0</field>
                              </block>
                            </value>
                            <value name="EGREEN">
                              <block type="math_number" id="^3?=Jtnxz;)OPu`co[/X">
                                <field name="NUM">0</field>
                              </block>
                            </value>
                            <value name="EBLUE">
                              <block type="math_number" id="Z*14KgCNIEUNU;8u#21j">
                                <field name="NUM">255</field>
                              </block>
                            </value>
                            <next>
                              <block type="neopixel_show_de" id=")lVPea;*?RnO4ufrIze!">
                                <field name="PIN">D3</field>
                              </block>
                            </next>
                          </block>
                        </next>
                      </block>
                    </next>
                  </block>
                </statement>
              </block>
            </statement>
            <statement name="ELSE">
              <block type="controls_repeat_ext" id="gd1qy`WDaxHug$:E=s8q">
                <value name="TIMES">
                  <block type="math_number" id="U1|ckN{~axKw5!C*,FEP">
                    <field name="NUM">10</field>
                  </block>
                </value>
                <statement name="DO">
                  <block type="neopixel_fade_de" id="MD`k,S.#IX9$hbCGetOV">
                    <field name="PIN">D3</field>
                    <value name="PXNUMBER">
                      <block type="math_number" id="*$QLqc$V~hU_oew+HIFN">
                        <field name="NUM">0</field>
                      </block>
                    </value>
                    <value name="DURATION">
                      <block type="math_number" id="Dy=UiKB/!wlERco$}zn4">
                        <field name="NUM">1</field>
                      </block>
                    </value>
                    <value name="TEMPO">
                      <block type="math_number" id="ZB}M{hBWro3Affzvur5W">
                        <field name="NUM">130</field>
                      </block>
                    </value>
                    <value name="SRED">
                      <block type="math_number" id="J$*K+aPxY*xWg/~7,OFw">
                        <field name="NUM">122</field>
                      </block>
                    </value>
                    <value name="SGREEN">
                      <block type="math_number" id="swMVeLdd9SpIAJ+^`xf,">
                        <field name="NUM">0</field>
                      </block>
                    </value>
                    <value name="SBLUE">
                      <block type="math_number" id="Pt7m,$Ex#,y$}Y3#%%s,">
                        <field name="NUM">127.5</field>
                      </block>
                    </value>
                    <value name="ERED">
                      <block type="math_number" id="VJ9?]eJWY=o1y?ip=4$E">
                        <field name="NUM">0</field>
                      </block>
                    </value>
                    <value name="EGREEN">
                      <block type="math_number" id="Q5/p)K=9nd_(*1:Kx{XW">
                        <field name="NUM">100</field>
                      </block>
                    </value>
                    <value name="EBLUE">
                      <block type="math_number" id="w#klXD!#GU|v_=KBv?p[">
                        <field name="NUM">100</field>
                      </block>
                    </value>
                    <next>
                      <block type="neopixel_fade_de" id="c+f[;a@a=V-mzBrN|Rhi">
                        <field name="PIN">D3</field>
                        <value name="PXNUMBER">
                          <block type="math_number" id=":Rz2r%?])b)ka0!(SKeb">
                            <field name="NUM">0</field>
                          </block>
                        </value>
                        <value name="DURATION">
                          <block type="math_number" id="!GMFn_l0Try9eYiVrJ}o">
                            <field name="NUM">1</field>
                          </block>
                        </value>
                        <value name="TEMPO">
                          <block type="math_number" id="]7^nS)jU}%|NEuon_)pV">
                            <field name="NUM">130</field>
                          </block>
                        </value>
                        <value name="SRED">
                          <block type="math_number" id="|P4;]FDj`3o(Ko6~%BX6">
                            <field name="NUM">0</field>
                          </block>
                        </value>
                        <value name="SGREEN">
                          <block type="math_number" id="I]`hXMid=zS~w=!8[6D|">
                            <field name="NUM">100</field>
                          </block>
                        </value>
                        <value name="SBLUE">
                          <block type="math_number" id="Ys|s(V3GRZ^:R[2l/`U}">
                            <field name="NUM">100</field>
                          </block>
                        </value>
                        <value name="ERED">
                          <block type="math_number" id=":)`OQtd6{B5W$VO_CL[(">
                            <field name="NUM">122</field>
                          </block>
                        </value>
                        <value name="EGREEN">
                          <block type="math_number" id="9m*NDcdHqa}v0swrFWnJ">
                            <field name="NUM">0</field>
                          </block>
                        </value>
                        <value name="EBLUE">
                          <block type="math_number" id="ko7^?|-)1?TNt[J)]}z9">
                            <field name="NUM">127.5</field>
                          </block>
                        </value>
                        <next>
                          <block type="neopixel_fade_de" id="=:Ad6^^~{xrSL7-;_58B">
                            <field name="PIN">D3</field>
                            <value name="PXNUMBER">
                              <block type="math_number" id="hL*`}%}Q{]zf,R%CdRvG">
                                <field name="NUM">0</field>
                              </block>
                            </value>
                            <value name="DURATION">
                              <block type="math_number" id="nczdyN8UkFiHcM{U?FJY">
                                <field name="NUM">1</field>
                              </block>
                            </value>
                            <value name="TEMPO">
                              <block type="math_number" id="T7O+neiP!d0o%Eck~P9l">
                                <field name="NUM">130</field>
                              </block>
                            </value>
                            <value name="SRED">
                              <block type="math_number" id="V?f3DYSV!)5jyD|tmj[.">
                                <field name="NUM">122</field>
                              </block>
                            </value>
                            <value name="SGREEN">
                              <block type="math_number" id=",Mc.BYS{[Y1J}-;YX;wO">
                                <field name="NUM">0</field>
                              </block>
                            </value>
                            <value name="SBLUE">
                              <block type="math_number" id="!BS:|#oksfW`RW[DyX|h">
                                <field name="NUM">127.5</field>
                              </block>
                            </value>
                            <value name="ERED">
                              <block type="math_number" id="mAyRx/LE`9pQlUR^-*e{">
                                <field name="NUM">0</field>
                              </block>
                            </value>
                            <value name="EGREEN">
                              <block type="math_number" id="r?5`E#nmrqexdda=$rU:">
                                <field name="NUM">100</field>
                              </block>
                            </value>
                            <value name="EBLUE">
                              <block type="math_number" id="c_tGy69G-$KsZB-2P}U2">
                                <field name="NUM">100</field>
                              </block>
                            </value>
                            <next>
                              <block type="neopixel_fade_de" id="]iT@=owfAOJ?XUk8!up%">
                                <field name="PIN">D3</field>
                                <value name="PXNUMBER">
                                  <block type="math_number" id="DS}k2*B@A@152LD7#iV_">
                                    <field name="NUM">0</field>
                                  </block>
                                </value>
                                <value name="DURATION">
                                  <block type="math_number" id="oHXRHXI+kT|dx{s[ZwB?">
                                    <field name="NUM">1</field>
                                  </block>
                                </value>
                                <value name="TEMPO">
                                  <block type="math_number" id="M](6d{4J=kXA4zU3xswR">
                                    <field name="NUM">130</field>
                                  </block>
                                </value>
                                <value name="SRED">
                                  <block type="math_number" id=":S7N9kn(VPqLz^L)+Dsl">
                                    <field name="NUM">0</field>
                                  </block>
                                </value>
                                <value name="SGREEN">
                                  <block type="math_number" id="X2j!#|s`Ly:k~QaeDV4P">
                                    <field name="NUM">100</field>
                                  </block>
                                </value>
                                <value name="SBLUE">
                                  <block type="math_number" id="3p]~4M)x=2ryLo2sYpsd">
                                    <field name="NUM">100</field>
                                  </block>
                                </value>
                                <value name="ERED">
                                  <block type="math_number" id="`kF]Cig{H-UiYkVY}s[/">
                                    <field name="NUM">122</field>
                                  </block>
                                </value>
                                <value name="EGREEN">
                                  <block type="math_number" id="VPfm+bdq=x5w-Q=u#njP">
                                    <field name="NUM">0</field>
                                  </block>
                                </value>
                                <value name="EBLUE">
                                  <block type="math_number" id="eYQ2(L^i84X?x0bv1zeg">
                                    <field name="NUM">127.5</field>
                                  </block>
                                </value>
                              </block>
                            </next>
                          </block>
                        </next>
                      </block>
                    </next>
                  </block>
                </statement>
              </block>
            </statement>
            <next>
              <block type="serial_print_de" id="o]@|2)ae_GqZ|._bApQw">
                <value name="CONTENT">
                  <block type="variables_get" id="Q?!S~~M@#^YjyTld0[Mn">
                    <field name="VAR" id="_v9*Z%J_UwcUBcNb*Fn}" variabletype="">wetter</field>
                  </block>
                </value>
              </block>
            </next>
          </block>
        </next>
      </block>
    </statement>
  </block>
</xml>