<xml xmlns="http://www.w3.org/1999/xhtml">
  <variables>
    <variable type="" id="XPM4udY90Z=;8PT.1n)#">bedroomjack1</variable>
    <variable type="" id="_U~]|})-kJ+*e8pACfCQ">i</variable>
    <variable type="" id="}PX6Dc-yzgB(Rx0{WPpb">bedroomJack2</variable>
    <variable type="" id="q:lE#Rchv*?O^1eKLbAk">bedroomLight1</variable>
  </variables>
  <block type="arduino_functions" id="6p=bH9^_@n`(|+DPV@eu" x="-508" y="-512">
    <statement name="SETUP_FUNC">
      <block type="setup_neopixel_de" id="%B`h:1WLLaO@L[?pW_=C">
        <field name="PIN">D3</field>
        <field name="TYPE1">NEO_GRB</field>
        <field name="TYPE2">NEO_KHZ800</field>
        <value name="LEDNUM">
          <block type="math_number" id="Ouu_RZ:Gg]zwyIu0.D$v">
            <field name="NUM">1</field>
          </block>
        </value>
        <next>
          <block type="connect_baall_de" id="72@t8:|=e2VOpcg+|f@W">
            <next>
              <block type="set_neopixel_brightness_de" id="v2KIHr2Bx+qJw)#1x?19">
                <field name="PIN">D3</field>
                <value name="BRIGHTNESS">
                  <block type="math_number" id="J$xr9S0V[[ea]C)4ag2U">
                    <field name="NUM">200</field>
                  </block>
                </value>
              </block>
            </next>
          </block>
        </next>
      </block>
    </statement>
    <statement name="LOOP_FUNC">
      <block type="variables_set" id="Rj6k!j(NUMP^;!a90.JQ">
        <field name="VAR" id="XPM4udY90Z=;8PT.1n)#" variabletype="">bedroomjack1</field>
        <value name="VALUE">
          <block type="get_status_item_de" id="pktLGM.,l)_r`d}AQ{=9">
            <field name="item">switchable</field>
            <value name="name">
              <block type="text" id="5bo}Y!6xhk2;=3~=Yulo">
                <field name="TEXT">bedroomJack1</field>
              </block>
            </value>
          </block>
        </value>
        <next>
          <block type="variables_set" id="y5u?xbVs8,ks44rUA;-,">
            <field name="VAR" id="}PX6Dc-yzgB(Rx0{WPpb" variabletype="">bedroomJack2</field>
            <value name="VALUE">
              <block type="get_status_item_de" id="zpuf6Bzm/t__jd*f:S%!">
                <field name="item">switchable</field>
                <value name="name">
                  <block type="text" id="6K))+tw^Mr8/J:DH31A4">
                    <field name="TEXT">bedroomJack2</field>
                  </block>
                </value>
              </block>
            </value>
            <next>
              <block type="variables_set" id=";.r]WLI@8A5ZWO7tpUA|">
                <field name="VAR" id="q:lE#Rchv*?O^1eKLbAk" variabletype="">bedroomLight1</field>
                <value name="VALUE">
                  <block type="get_status_item_de" id="[u)To^A9oag@6u?d|hJv">
                    <field name="item">switchable</field>
                    <value name="name">
                      <block type="text" id="i]?mn{EDz=7eDB7@^_A9">
                        <field name="TEXT">bedroomLight1</field>
                      </block>
                    </value>
                  </block>
                </value>
                <next>
                  <block type="controls_if" id="ln^Kc%*NeK;Y7k#J6I?7">
                    <mutation else="1"></mutation>
                    <value name="IF0">
                      <block type="logic_operation" id="TGDC;3`F$t%S]Jqk/y~%">
                        <field name="OP">AND</field>
                        <value name="A">
                          <block type="logic_compare" id="#G#[+XD4/RoyJAsf|eZP">
                            <field name="OP">EQ</field>
                            <value name="A">
                              <block type="variables_get" id="qx,ip;P5oC|=8FNm7;[8">
                                <field name="VAR" id="XPM4udY90Z=;8PT.1n)#" variabletype="">bedroomjack1</field>
                              </block>
                            </value>
                            <value name="B">
                              <block type="math_number" id="Hwr*{hYz5|IL+k`c$1Mt">
                                <field name="NUM">0</field>
                              </block>
                            </value>
                          </block>
                        </value>
                        <value name="B">
                          <block type="logic_operation" id="rcZw:{r[dr/TgcGD;7a`">
                            <field name="OP">AND</field>
                            <value name="A">
                              <block type="logic_compare" id="V_oUXZE(6~(1}P];n/84">
                                <field name="OP">EQ</field>
                                <value name="A">
                                  <block type="variables_get" id="4G/T]{D4PnorD6}VJhn[">
                                    <field name="VAR" id="}PX6Dc-yzgB(Rx0{WPpb" variabletype="">bedroomJack2</field>
                                  </block>
                                </value>
                                <value name="B">
                                  <block type="math_number" id="IxaKP/A32EL{=HZsHJ7^">
                                    <field name="NUM">0</field>
                                  </block>
                                </value>
                              </block>
                            </value>
                            <value name="B">
                              <block type="logic_compare" id="g%fNK6[=@:$#kUm-~Q5`">
                                <field name="OP">EQ</field>
                                <value name="A">
                                  <block type="variables_get" id="|B%ovP)]q=|-.KXo_b`c">
                                    <field name="VAR" id="q:lE#Rchv*?O^1eKLbAk" variabletype="">bedroomLight1</field>
                                  </block>
                                </value>
                                <value name="B">
                                  <block type="math_number" id="RN;ZYACE-FJw.?nZ$w*)">
                                    <field name="NUM">0</field>
                                  </block>
                                </value>
                              </block>
                            </value>
                          </block>
                        </value>
                      </block>
                    </value>
                    <statement name="DO0">
                      <block type="set_pixel_color_rgb_de" id="}}96nNgV2qNxk4^[9gnl">
                        <field name="PIN">D3</field>
                        <value name="PXNUMBER">
                          <block type="math_number" id="#w[:/.AEge8-#Z_9EO1w">
                            <field name="NUM">0</field>
                          </block>
                        </value>
                        <value name="RED">
                          <block type="math_number" id="gr%:V572zS7mCPZCFy?4">
                            <field name="NUM">200</field>
                          </block>
                        </value>
                        <value name="GREEN">
                          <block type="math_number" id="BRCG;.6RIjtSm~stL`=h">
                            <field name="NUM">0</field>
                          </block>
                        </value>
                        <value name="BLUE">
                          <block type="math_number" id="Ep.XYSbLxIMe1WXuY66/">
                            <field name="NUM">255</field>
                          </block>
                        </value>
                      </block>
                    </statement>
                    <statement name="ELSE">
                      <block type="set_pixel_color_rgb_de" id="26c%wysxiQ$_4ZM1dm.b">
                        <field name="PIN">D3</field>
                        <value name="PXNUMBER">
                          <block type="math_number" id="GNs!Pz}SlS}hP~__~laG">
                            <field name="NUM">0</field>
                          </block>
                        </value>
                        <value name="RED">
                          <block type="math_number" id="?D*R!x8+nMx$(?|4kFab">
                            <field name="NUM">0</field>
                          </block>
                        </value>
                        <value name="GREEN">
                          <block type="math_number" id="DKkDj=cD/`B5^8-NUAS-">
                            <field name="NUM">0</field>
                          </block>
                        </value>
                        <value name="BLUE">
                          <block type="math_number" id="~1S/ZrC]R9+4NnY8#or`">
                            <field name="NUM">0</field>
                          </block>
                        </value>
                      </block>
                    </statement>
                    <next>
                      <block type="neopixel_show_de" id="!An3]Vl.Fb`f%d.},L#3">
                        <field name="PIN">D3</field>
                        <next>
                          <block type="base_delay" id="OzI.vPtHrF#:;ja}4b(+">
                            <value name="DELAY_TIME">
                              <block type="math_number" id="E4_o:)h:C}wuLLD*2keF">
                                <field name="NUM">3000</field>
                              </block>
                            </value>
                          </block>
                        </next>
                      </block>
                    </next>
                  </block>
                </next>
              </block>
            </next>
          </block>
        </next>
      </block>
    </statement>
  </block>
</xml>